                                   MODFLOW 6
                U.S. GEOLOGICAL SURVEY MODULAR HYDROLOGIC MODEL
                          GROUNDWATER FLOW MODEL (GWF)
                   VERSION 6.3.0 release candidate 02/06/2022
                               ***DEVELOP MODE***

   MODFLOW 6 compiled Feb 06 2022 02:35:51 with Intel(R) Fortran Intel(R) 64
   Compiler Classic for applications running on Intel(R) 64, Version 2021.5.0
                             Build 20211109_000000

This software is preliminary or provisional and is subject to 
revision. It is being provided to meet the need for timely best 
science. The software has not received final approval by the U.S. 
Geological Survey (USGS). No warranty, expressed or implied, is made 
by the USGS or the U.S. Government as to the functionality of the 
software and related material nor shall the fact of release 
constitute any such warranty. The software is provided on the 
condition that neither the USGS nor the U.S. Government shall be held 
liable for any damages resulting from the authorized or unauthorized 
use of the software.


As a work of the United States Government, this USGS product is 
in the public domain within the United States. You can copy, 
modify, distribute, and perform the work, even for commercial 
purposes, all without asking permission. Additionally, USGS 
waives copyright and related rights in the work worldwide 
through CC0 1.0 Universal Public Domain Dedication 
(https://creativecommons.org/publicdomain/zero/1.0/).

The following GNU Lesser General Public License (LGPL) libraries
are used in this USGS product:

    SPARSKIT version 2.0
      ilut, luson, and qsplit 
      (https://www-users.cse.umn.edu/~saad/software/SPARSKIT/)

    RCM - Reverse Cuthill McKee Ordering
      (https://people.math.sc.edu/Burkardt/f_src/rcm/rcm.html)

    BLAS - Basic Linear Algebra Subprograms Level 1
      (https://people.math.sc.edu/Burkardt/f_src/blas1_d/blas1_d.html)

    SPARSEKIT - Sparse Matrix Utility Package
      amux, dperm, dvperm, rperm, and cperm
      (https://people.sc.fsu.edu/~jburkardt/f77_src/sparsekit/sparsekit.html)

The following BSD-3 License libraries are used in this USGS product:

    Modern Fortran DAG Library
      Copyright (c) 2018, Jacob Williams
      All rights reserved.
      (https://github.com/jacobwilliams/daglib)

MODFLOW 6 compiler options: /O2 /heap-arrays:0 /fpe:0 /traceback /nologo /fpp
/c /module:.\mod_temp\ /object:.\obj_temp\

System command used to initiate simulation:
mf6.exe

MODFLOW was compiled using uniform precision.

Real Variables
  KIND: 8
  TINY (smallest non-zero value):    2.225074-308
  HUGE (largest value):    1.797693+308
  PRECISION: 15
  BIT SIZE: 64

Integer Variables
  KIND: 4
  HUGE (largest value): 2147483647
  BIT SIZE: 32

Long Integer Variables
  KIND: 8
  HUGE (largest value): 9223372036854775807
  BIT SIZE: 64

Logical Variables
  KIND: 4
  BIT SIZE: 32
 

 OPENED freyberg6.dis
 FILE TYPE:DIS6                   UNIT 1005   STATUS:OLD                 
 FORMAT:FORMATTED              ACCESS:SEQUENTIAL          
 ACTION:READ                


 OPENED freyberg6.ic
 FILE TYPE:IC6                    UNIT 1006   STATUS:OLD                 
 FORMAT:FORMATTED              ACCESS:SEQUENTIAL          
 ACTION:READ                


 OPENED freyberg6.npf
 FILE TYPE:NPF6                   UNIT 1007   STATUS:OLD                 
 FORMAT:FORMATTED              ACCESS:SEQUENTIAL          
 ACTION:READ                


 OPENED freyberg6.sto
 FILE TYPE:STO6                   UNIT 1008   STATUS:OLD                 
 FORMAT:FORMATTED              ACCESS:SEQUENTIAL          
 ACTION:READ                


 OPENED freyberg6.oc
 FILE TYPE:OC6                    UNIT 1009   STATUS:OLD                 
 FORMAT:FORMATTED              ACCESS:SEQUENTIAL          
 ACTION:READ                


 OPENED freyberg6.wel
 FILE TYPE:WEL6                   UNIT 1010   STATUS:OLD                 
 FORMAT:FORMATTED              ACCESS:SEQUENTIAL          
 ACTION:READ                


 OPENED freyberg6.rch
 FILE TYPE:RCH6                   UNIT 1011   STATUS:OLD                 
 FORMAT:FORMATTED              ACCESS:SEQUENTIAL          
 ACTION:READ                


 OPENED freyberg6.ghb
 FILE TYPE:GHB6                   UNIT 1012   STATUS:OLD                 
 FORMAT:FORMATTED              ACCESS:SEQUENTIAL          
 ACTION:READ                


 OPENED freyberg6.sfr
 FILE TYPE:SFR6                   UNIT 1013   STATUS:OLD                 
 FORMAT:FORMATTED              ACCESS:SEQUENTIAL          
 ACTION:READ                


 OPENED freyberg6.obs
 FILE TYPE:OBS6                   UNIT 1014   STATUS:OLD                 
 FORMAT:FORMATTED              ACCESS:SEQUENTIAL          
 ACTION:READ                

 NAMEFILE OPTIONS:
    NEWTON-RAPHSON method enabled for the model.

 DIS -- STRUCTURED GRID DISCRETIZATION PACKAGE, VERSION 2 : 3/27/2014 - INPUT READ FROM UNIT 1005


 PROCESSING DISCRETIZATION OPTIONS
    MODEL LENGTH UNIT IS METERS
 END OF DISCRETIZATION OPTIONS
 PROCESSING DISCRETIZATION DIMENSIONS
    NLAY =       1
    NROW =      40
    NCOL =      20
 END OF DISCRETIZATION DIMENSIONS
 PROCESSING GRIDDATA

 OPENED freyberg6.dis_delr.txt
 FILE TYPE:OPEN/CLOSE   UNIT 1016   STATUS:OLD                 
 FORMAT:FORMATTED              ACCESS:SEQUENTIAL          
 ACTION:READ                


 OPENED freyberg6.dis_delc.txt
 FILE TYPE:OPEN/CLOSE   UNIT 1017   STATUS:OLD                 
 FORMAT:FORMATTED              ACCESS:SEQUENTIAL          
 ACTION:READ                


 OPENED freyberg6.dis_top.txt
 FILE TYPE:OPEN/CLOSE   UNIT 1018   STATUS:OLD                 
 FORMAT:FORMATTED              ACCESS:SEQUENTIAL          
 ACTION:READ                


 OPENED freyberg6.dis_botm_layer1.txt
 FILE TYPE:OPEN/CLOSE   UNIT 1019   STATUS:OLD                 
 FORMAT:FORMATTED              ACCESS:SEQUENTIAL          
 ACTION:READ                


 OPENED freyberg6.dis_idomain_layer1.txt
 FILE TYPE:OPEN/CLOSE   UNIT 1020   STATUS:OLD                 
 FORMAT:FORMATTED              ACCESS:SEQUENTIAL          
 ACTION:READ                

 END PROCESSING GRIDDATA

 THE SPECIFIED IDOMAIN RESULTS IN A REDUCED NUMBER OF CELLS.
 NUMBER OF USER NODES: 800
 NUMBER OF NODES IN SOLUTION: 706



 NPF -- NODE PROPERTY FLOW PACKAGE, VERSION 1, 3/30/2015 INPUT READ FROM UNIT 1007


 PROCESSING NPF OPTIONS
    CELL-BY-CELL FLOW INFORMATION WILL BE SAVED TO BINARY FILE WHENEVER ICBCFL IS NOT ZERO.
 END OF NPF OPTIONS

 WEL   -- WEL PACKAGE, VERSION 8, 2/22/2014 INPUT READ FROM UNIT 1010

 PROCESSING WEL OPTIONS
    LISTS OF WEL CELLS WILL BE PRINTED.
    WEL FLOWS WILL BE PRINTED TO LISTING FILE.
    FLOWS WILL BE SAVED TO BUDGET FILE SPECIFIED IN OUTPUT CONTROL
 END OF WEL OPTIONS

 PROCESSING WEL DIMENSIONS
    MAXBOUND =       7
 END OF WEL DIMENSIONS

 GHB   -- GHB PACKAGE, VERSION 8, 2/22/2014 INPUT READ FROM UNIT 1012

 PROCESSING GHB OPTIONS
    LISTS OF GHB CELLS WILL BE PRINTED.
    GHB FLOWS WILL BE PRINTED TO LISTING FILE.
    FLOWS WILL BE SAVED TO BUDGET FILE SPECIFIED IN OUTPUT CONTROL
 END OF GHB OPTIONS

 PROCESSING GHB DIMENSIONS
    MAXBOUND =      30
 END OF GHB DIMENSIONS

 RCH   -- RCH PACKAGE, VERSION 8, 2/22/2014 INPUT READ FROM UNIT 1011

 PROCESSING RCH OPTIONS
    RECHARGE INPUT WILL BE READ AS ARRAY(S).
    FLOWS WILL BE SAVED TO BUDGET FILE SPECIFIED IN OUTPUT CONTROL
 END OF RCHA OPTIONS

 SFR   -- SFR PACKAGE, VERSION 8, 2/22/2014 INPUT READ FROM UNIT 1013

 PROCESSING SFR OPTIONS
    SFR BOUNDARIES HAVE NAMES IN LAST COLUMN.
    LISTS OF SFR CELLS WILL BE PRINTED.
    FLOWS WILL BE SAVED TO BUDGET FILE SPECIFIED IN OUTPUT CONTROL

 OPENED sfr.obs
 FILE TYPE:OBS   UNIT 1021   STATUS:OLD                 
 FORMAT:FORMATTED              ACCESS:SEQUENTIAL          
 ACTION:READ                

    MAXIMUM DEPTH CHANGE VALUE (.1000000000000000E-03) SPECIFIED.
    UNIT CONVERSION VALUE (86400.00000000000) SPECIFIED.
 END OF SFR OPTIONS

 PROCESSING SFR DIMENSIONS
    NREACHES = 40
 END OF SFR DIMENSIONS

 OPENED freyberg6.sfr_packagedata.txt
 FILE TYPE:OPEN/CLOSE   UNIT 1022   STATUS:OLD                 
 FORMAT:FORMATTED              ACCESS:SEQUENTIAL          
 ACTION:READ                


 PROCESSING SFR PACKAGEDATA
 END OF SFR PACKAGEDATA

 OPENED freyberg6.sfr_connectiondata.txt
 FILE TYPE:OPEN/CLOSE   UNIT 1023   STATUS:OLD                 
 FORMAT:FORMATTED              ACCESS:SEQUENTIAL          
 ACTION:READ                


 PROCESSING SFR CONNECTIONDATA
 END OF SFR CONNECTIONDATA

 IC -- INITIAL CONDITIONS PACKAGE, VERSION 8, 3/28/2015 INPUT READ FROM UNIT 1006
 PROCESSING GRIDDATA

 OPENED freyberg6.ic_strt_layer1.txt
 FILE TYPE:OPEN/CLOSE   UNIT 1024   STATUS:OLD                 
 FORMAT:FORMATTED              ACCESS:SEQUENTIAL          
 ACTION:READ                

 END PROCESSING GRIDDATA
 PROCESSING GRIDDATA

 OPENED freyberg6.npf_icelltype_layer1.txt
 FILE TYPE:OPEN/CLOSE   UNIT 1025   STATUS:OLD                 
 FORMAT:FORMATTED              ACCESS:SEQUENTIAL          
 ACTION:READ                


 OPENED freyberg6.npf_k_layer1.txt
 FILE TYPE:OPEN/CLOSE   UNIT 1026   STATUS:OLD                 
 FORMAT:FORMATTED              ACCESS:SEQUENTIAL          
 ACTION:READ                


 OPENED freyberg6.npf_k33_layer1.txt
 FILE TYPE:OPEN/CLOSE   UNIT 1027   STATUS:OLD                 
 FORMAT:FORMATTED              ACCESS:SEQUENTIAL          
 ACTION:READ                

 K22 not provided.  Assuming K22 = K.
 END PROCESSING GRIDDATA

 STO -- STORAGE PACKAGE, VERSION 1, 5/19/2014 INPUT READ FROM UNIT 1008


 PROCESSING STORAGE OPTIONS
 END OF STORAGE OPTIONS
 PROCESSING GRIDDATA

 OPENED freyberg6.sto_iconvert_layer1.txt
 FILE TYPE:OPEN/CLOSE   UNIT 1028   STATUS:OLD                 
 FORMAT:FORMATTED              ACCESS:SEQUENTIAL          
 ACTION:READ                


 OPENED freyberg6.sto_ss_layer1.txt
 FILE TYPE:OPEN/CLOSE   UNIT 1029   STATUS:OLD                 
 FORMAT:FORMATTED              ACCESS:SEQUENTIAL          
 ACTION:READ                


 OPENED freyberg6.sto_sy_layer1.txt
 FILE TYPE:OPEN/CLOSE   UNIT 1030   STATUS:OLD                 
 FORMAT:FORMATTED              ACCESS:SEQUENTIAL          
 ACTION:READ                

 END PROCESSING GRIDDATA

The observation utility is active for "FREYBERG6"

Processing observation options:

Text output number of digits of precision set to: 10
The PRINT_INPUT option has been specified.


 OBSERVATIONS READ FROM FILE "freyberg6.obs"
 ----------------------------------------------------------------------------------------------------------------------------------------------------------------------------------------------------------------------------
 NAME                                     TYPE                                       TIME         LOCATION DATA                              OUTPUT FILENAME                                                                 
 ----------------------------------------------------------------------------------------------------------------------------------------------------------------------------------------------------------------------------
 TRGW-0-2-15                              CONTINUOUS  HEAD                           ALL TIMES    "  1 3 16"                                 heads.csv                                                                       
 TRGW-0-2-9                               CONTINUOUS  HEAD                           ALL TIMES    "  1 3 10"                                 heads.csv                                                                       
 TRGW-0-3-8                               CONTINUOUS  HEAD                           ALL TIMES    "  1 4 9"                                  heads.csv                                                                       
 TRGW-0-9-1                               CONTINUOUS  HEAD                           ALL TIMES    "  1 10 2"                                 heads.csv                                                                       
 TRGW-0-13-10                             CONTINUOUS  HEAD                           ALL TIMES    "  1 14 11"                                heads.csv                                                                       
 TRGW-0-15-16                             CONTINUOUS  HEAD                           ALL TIMES    "  1 16 17"                                heads.csv                                                                       
 TRGW-0-21-10                             CONTINUOUS  HEAD                           ALL TIMES    "  1 22 11"                                heads.csv                                                                       
 TRGW-0-22-15                             CONTINUOUS  HEAD                           ALL TIMES    "  1 23 16"                                heads.csv                                                                       
 TRGW-0-24-4                              CONTINUOUS  HEAD                           ALL TIMES    "  1 25 5"                                 heads.csv                                                                       
 TRGW-0-26-6                              CONTINUOUS  HEAD                           ALL TIMES    "  1 27 7"                                 heads.csv                                                                       
 TRGW-0-29-15                             CONTINUOUS  HEAD                           ALL TIMES    "  1 30 16"                                heads.csv                                                                       
 TRGW-0-33-7                              CONTINUOUS  HEAD                           ALL TIMES    "  1 34 8"                                 heads.csv                                                                       
 TRGW-0-34-10                             CONTINUOUS  HEAD                           ALL TIMES    "  1 35 11"                                heads.csv                                                                       
 ----------------------------------------------------------------------------------------------------------------------------------------------------------------------------------------------------------------------------


    BINARY GRID INFORMATION WILL BE WRITTEN TO:
      UNIT NUMBER: 1032
      FILE NAME: f:\GitHub\GMDSI_notebooks\tutorials\part2_06_ies\freyberg6_template\freyberg6.dis.grb

 OPENED f:\GitHub\GMDSI_notebooks\tutorials\part2_06_ies\freyberg6_template\freyberg6.dis.grb
 FILE TYPE:DATA(BINARY)   UNIT 1032   STATUS:REPLACE             
 FORMAT:UNFORMATTED            ACCESS:STREAM              
 ACTION:READWRITE           

      THE LAST TIME STEP WILL BE PRINTED
      THE LAST TIME STEP WILL BE PRINTED

 PROCESSING OC OPTIONS

    BUDGET INFORMATION WILL BE WRITTEN TO:
      UNIT NUMBER: 1033
      FILE NAME: freyberg6_freyberg.cbc

 OPENED freyberg6_freyberg.cbc
 FILE TYPE:DATA(BINARY)   UNIT 1033   STATUS:REPLACE             
 FORMAT:UNFORMATTED            ACCESS:STREAM              
 ACTION:READWRITE           

    HEAD INFORMATION WILL BE WRITTEN TO:
      UNIT NUMBER: 1034
      FILE NAME: freyberg6_freyberg.hds

 OPENED freyberg6_freyberg.hds
 FILE TYPE:DATA(BINARY)   UNIT 1034   STATUS:REPLACE             
 FORMAT:UNFORMATTED            ACCESS:STREAM              
 ACTION:READWRITE           

 END OF OC OPTIONS

The observation utility is active for "SFR_1"

Processing observation options:



 SFR PACKAGE (SFR_1) STATIC REACH DATA
 ---------------------------------------------------------------------------------------------------------------------------------------
                                                                                                                              UPSTREAM  
   NUMBER   CELLID                  LENGTH       WIDTH        SLOPE         TOP       THICKNESS        HK       ROUGHNESS     FRACTION  
 ---------------------------------------------------------------------------------------------------------------------------------------
     1      (1,1,16)              250.00       5.0000       5.00000E-05  34.000       1.0000       0.13154      3.00000E-02  1.0000     
     2      (1,2,16)              250.00       5.0000       5.00000E-05  33.987       1.0000       0.13575      3.00000E-02  1.0000     
     3      (1,3,16)              250.00       5.0000       5.00000E-05  33.974       1.0000       0.11629      3.00000E-02  1.0000     
     4      (1,4,16)              250.00       5.0000       5.00000E-05  33.962       1.0000       0.13468      3.00000E-02  1.0000     
     5      (1,5,16)              250.00       5.0000       5.00000E-05  33.949       1.0000       0.12755      3.00000E-02  1.0000     
     6      (1,6,16)              250.00       5.0000       5.00000E-05  33.936       1.0000       0.11618      3.00000E-02  1.0000     
     7      (1,7,16)              250.00       5.0000       5.00000E-05  33.923       1.0000       0.12699      3.00000E-02  1.0000     
     8      (1,8,16)              250.00       5.0000       5.00000E-05  33.910       1.0000       0.13946      3.00000E-02  1.0000     
     9      (1,9,16)              250.00       5.0000       5.00000E-05  33.897       1.0000       0.14632      3.00000E-02  1.0000     
     10     (1,10,16)             250.00       5.0000       5.00000E-05  33.885       1.0000       0.15301      3.00000E-02  1.0000     
     11     (1,11,16)             250.00       5.0000       5.00000E-05  33.872       1.0000       0.12182      3.00000E-02  1.0000     
     12     (1,12,16)             250.00       5.0000       5.00000E-05  33.859       1.0000       0.11856      3.00000E-02  1.0000     
     13     (1,13,16)             250.00       5.0000       5.00000E-05  33.846       1.0000       9.64821E-02  3.00000E-02  1.0000     
     14     (1,14,16)             250.00       5.0000       5.00000E-05  33.833       1.0000       0.10763      3.00000E-02  1.0000     
     15     (1,15,16)             250.00       5.0000       5.00000E-05  33.821       1.0000       0.10346      3.00000E-02  1.0000     
     16     (1,16,16)             250.00       5.0000       5.00000E-05  33.808       1.0000       9.77404E-02  3.00000E-02  1.0000     
     17     (1,17,16)             250.00       5.0000       5.00000E-05  33.795       1.0000       9.79894E-02  3.00000E-02  1.0000     
     18     (1,18,16)             250.00       5.0000       5.00000E-05  33.782       1.0000       0.11858      3.00000E-02  1.0000     
     19     (1,19,16)             250.00       5.0000       5.00000E-05  33.769       1.0000       0.11273      3.00000E-02  1.0000     
     20     (1,20,16)             250.00       5.0000       5.00000E-05  33.756       1.0000       0.12179      3.00000E-02  1.0000     
     21     (1,21,16)             250.00       5.0000       5.00000E-05  33.744       1.0000       0.12354      3.00000E-02  1.0000     
     22     (1,22,16)             250.00       5.0000       5.00000E-05  33.731       1.0000       0.11970      3.00000E-02  1.0000     
     23     (1,23,16)             250.00       5.0000       5.00000E-05  33.718       1.0000       0.11033      3.00000E-02  1.0000     
     24     (1,24,16)             250.00       5.0000       5.00000E-05  33.705       1.0000       0.11706      3.00000E-02  1.0000     
     25     (1,25,16)             250.00       5.0000       5.00000E-05  33.692       1.0000       0.11514      3.00000E-02  1.0000     
     26     (1,26,16)             250.00       5.0000       5.00000E-05  33.679       1.0000       0.10384      3.00000E-02  1.0000     
     27     (1,27,16)             250.00       5.0000       5.00000E-05  33.667       1.0000       0.13663      3.00000E-02  1.0000     
     28     (1,28,16)             250.00       5.0000       5.00000E-05  33.654       1.0000       0.14172      3.00000E-02  1.0000     
     29     (1,29,16)             250.00       5.0000       5.00000E-05  33.641       1.0000       0.15487      3.00000E-02  1.0000     
     30     (1,30,16)             250.00       5.0000       5.00000E-05  33.628       1.0000       0.15436      3.00000E-02  1.0000     
     31     (1,31,16)             250.00       5.0000       5.00000E-05  33.615       1.0000       0.15344      3.00000E-02  1.0000     
     32     (1,32,16)             250.00       5.0000       5.00000E-05  33.603       1.0000       0.12793      3.00000E-02  1.0000     
     33     (1,33,16)             250.00       5.0000       5.00000E-05  33.590       1.0000       0.13127      3.00000E-02  1.0000     
     34     (1,34,16)             250.00       5.0000       5.00000E-05  33.577       1.0000       0.13750      3.00000E-02  1.0000     
     35     (1,35,16)             250.00       5.0000       5.00000E-05  33.564       1.0000       0.12479      3.00000E-02  1.0000     
     36     (1,36,16)             250.00       5.0000       5.00000E-05  33.551       1.0000       0.11363      3.00000E-02  1.0000     
     37     (1,37,16)             250.00       5.0000       5.00000E-05  33.538       1.0000       0.12993      3.00000E-02  1.0000     
     38     (1,38,16)             250.00       5.0000       5.00000E-05  33.526       1.0000       0.12872      3.00000E-02  1.0000     
     39     (1,39,16)             250.00       5.0000       5.00000E-05  33.513       1.0000       0.12274      3.00000E-02  1.0000     
     40     (1,40,16)             250.00       5.0000       5.00000E-05  33.510       1.0000       0.11429      3.00000E-02  1.0000     
 ---------------------------------------------------------------------------------------------------------------------------------------



 SFR PACKAGE (SFR_1) STATIC REACH CONNECTION DATA
 --------------------------------
   REACH      CONN 1     CONN 2  
 --------------------------------
     1          2                
     2          1          3     
     3          2          4     
     4          3          5     
     5          4          6     
     6          5          7     
     7          6          8     
     8          7          9     
     9          8          10    
     10         9          11    
     11         10         12    
     12         11         13    
     13         12         14    
     14         13         15    
     15         14         16    
     16         15         17    
     17         16         18    
     18         17         19    
     19         18         20    
     20         19         21    
     21         20         22    
     22         21         23    
     23         22         24    
     24         23         25    
     25         24         26    
     26         25         27    
     27         26         28    
     28         27         29    
     29         28         30    
     30         29         31    
     31         30         32    
     32         31         33    
     33         32         34    
     34         33         35    
     35         34         36    
     36         35         37    
     37         36         38    
     38         37         39    
     39         38         40    
     40         39               
 --------------------------------



 SFR PACKAGE (SFR_1) STATIC UPSTREAM REACH CONNECTION DATA
 ---------------------
             UPSTREAM 
   REACH      CONN 1  
 ---------------------
     1                
     2          1     
     3          2     
     4          3     
     5          4     
     6          5     
     7          6     
     8          7     
     9          8     
     10         9     
     11         10    
     12         11    
     13         12    
     14         13    
     15         14    
     16         15    
     17         16    
     18         17    
     19         18    
     20         19    
     21         20    
     22         21    
     23         22    
     24         23    
     25         24    
     26         25    
     27         26    
     28         27    
     29         28    
     30         29    
     31         30    
     32         31    
     33         32    
     34         33    
     35         34    
     36         35    
     37         36    
     38         37    
     39         38    
     40         39    
 ---------------------



 SFR PACKAGE (SFR_1) STATIC DOWNSTREAM REACH CONNECTION DATA
 ---------------------
            DOWNSTREAM
   REACH      CONN 1  
 ---------------------
     1          2     
     2          3     
     3          4     
     4          5     
     5          6     
     6          7     
     7          8     
     8          9     
     9          10    
     10         11    
     11         12    
     12         13    
     13         14    
     14         15    
     15         16    
     16         17    
     17         18    
     18         19    
     19         20    
     20         21    
     21         22    
     22         23    
     23         24    
     24         25    
     25         26    
     26         27    
     27         28    
     28         29    
     29         30    
     30         31    
     31         32    
     32         33    
     33         34    
     34         35    
     35         36    
     36         37    
     37         38    
     38         39    
     39         40    
     40               
 ---------------------



start timestep kper="1" kstp="1" mode="normal"


 BEGIN READING OUTPUT CONTROL FOR STRESS PERIOD 1
      THE LAST TIME STEP WILL BE SAVED
      THE LAST TIME STEP WILL BE SAVED
      THE LAST TIME STEP WILL BE PRINTED

 END READING OUTPUT CONTROL FOR STRESS PERIOD 1


 PROCESSING STORAGE PERIOD DATA
 END PROCESSING STORAGE PERIOD DATA


 STRESS PERIOD 1 IS TRANSIENT


 OPENED freyberg6.wel_stress_period_data_1.txt
 FILE TYPE:OPEN/CLOSE   UNIT 1036   STATUS:OLD                 
 FORMAT:FORMATTED              ACCESS:SEQUENTIAL          
 ACTION:READ                

 ---------------------------------------------------
  WEL NO.    LAYER    ROW     COL     STRESS RATE   
 ---------------------------------------------------
     1         1      10      17    -146.329555     
     2         1      12      14    -150.791687     
     3         1      21      15    -165.710866     
     4         1      27      11    -148.217273     
     5         1      30       7    -173.216822     
     6         1      35      13    -157.983501     
     7         1      25       5     0.00000000     
 ---------------------------------------------------



 OPENED freyberg6.ghb_stress_period_data_1.txt
 FILE TYPE:OPEN/CLOSE   UNIT 1037   STATUS:OLD                 
 FORMAT:FORMATTED              ACCESS:SEQUENTIAL          
 ACTION:READ                

 --------------------------------------------------------------------
  GHB NO.    LAYER    ROW     COL        STAGE         CONDUCTANCE   
 --------------------------------------------------------------------
     1         1      40       6     33.5091359       62.5313616     
     2         1      40       7     33.3961208       55.3589694     
     3         1      40       8     33.3739974       63.5897278     
     4         1      40       9     33.5015557       63.9864033     
     5         1      40      10     33.5220774       69.5524774     
     6         1      40      11     33.4863379       62.1627463     
     7         1      40      12     33.4480311       57.0632509     
     8         1      40      13     33.3428325       56.2838800     
     9         1      40      14     33.4618519       62.4146078     
     10        1      40      15     33.4933100       60.3529172     
 --------------------------------------------------------------------



 OPENED freyberg6.rch_recharge_1.txt
 FILE TYPE:OPEN/CLOSE   UNIT 1038   STATUS:OLD                 
 FORMAT:FORMATTED              ACCESS:SEQUENTIAL          
 ACTION:READ                


 OPENED freyberg6.sfr_perioddata_1.txt
 FILE TYPE:OPEN/CLOSE   UNIT 1039   STATUS:OLD                 
 FORMAT:FORMATTED              ACCESS:SEQUENTIAL          
 ACTION:READ                


 SFR PACKAGE (SFR_1) DATA FOR PERIOD      1
 ---------------------------------------------------------------
   NUMBER   KEYWORD                  VALUE 1         VALUE 2    
 ---------------------------------------------------------------
     1      INFLOW               485.12429639614                
 ---------------------------------------------------------------



 SFR PACKAGE (SFR_1) CONNECTED REACH UPSTREAM FRACTION DATA
 ----------------------------------
            DOWNSTREAM             
   REACH     REACH 1    FRACTION 1 
 ----------------------------------
     1          2       1.0000     
     2          3       1.0000     
     3          4       1.0000     
     4          5       1.0000     
     5          6       1.0000     
     6          7       1.0000     
     7          8       1.0000     
     8          9       1.0000     
     9          10      1.0000     
     10         11      1.0000     
     11         12      1.0000     
     12         13      1.0000     
     13         14      1.0000     
     14         15      1.0000     
     15         16      1.0000     
     16         17      1.0000     
     17         18      1.0000     
     18         19      1.0000     
     19         20      1.0000     
     20         21      1.0000     
     21         22      1.0000     
     22         23      1.0000     
     23         24      1.0000     
     24         25      1.0000     
     25         26      1.0000     
     26         27      1.0000     
     27         28      1.0000     
     28         29      1.0000     
     29         30      1.0000     
     30         31      1.0000     
     31         32      1.0000     
     32         33      1.0000     
     33         34      1.0000     
     34         35      1.0000     
     35         36      1.0000     
     36         37      1.0000     
     37         38      1.0000     
     38         39      1.0000     
     39         40      1.0000     
     40                            
 ----------------------------------


 UBDSV1 SAVING     FLOW-JA-FACE ON UNIT   1033 AT TIME STEP      1, STRESS PERIOD      1
 UBDSV06 SAVING              WEL IN MODEL FREYBERG6        PACKAGE FREYBERG6       CONNECTED TO MODEL FREYBERG6        PACKAGE WEL              ON UNIT   1033 AT TIME STEP      1, STRESS PERIOD      1
 UBDSV06 SAVING              GHB IN MODEL FREYBERG6        PACKAGE FREYBERG6       CONNECTED TO MODEL FREYBERG6        PACKAGE GHB              ON UNIT   1033 AT TIME STEP      1, STRESS PERIOD      1
 UBDSV06 SAVING             RCHA IN MODEL FREYBERG6        PACKAGE FREYBERG6       CONNECTED TO MODEL FREYBERG6        PACKAGE RCH              ON UNIT   1033 AT TIME STEP      1, STRESS PERIOD      1
 UBDSV06 SAVING              SFR IN MODEL FREYBERG6        PACKAGE FREYBERG6       CONNECTED TO MODEL FREYBERG6        PACKAGE SFR_1            ON UNIT   1033 AT TIME STEP      1, STRESS PERIOD      1

 WEL PACKAGE (WEL) FLOW RATES   PERIOD      1   STEP        1
 -----------------------------------------------
   NUMBER   CELLID                    RATE      
 -----------------------------------------------
     1      (1,10,17)            -146.32955     
     2      (1,12,14)            -150.79169     
     3      (1,21,15)            -165.71087     
     4      (1,27,11)            -148.21727     
     5      (1,30,7)             -173.21682     
     6      (1,35,13)            -157.98350     
     7      (1,25,5)              0.0000000     
 -----------------------------------------------




 GHB PACKAGE (GHB) FLOW RATES   PERIOD      1   STEP        1
 -----------------------------------------------
   NUMBER   CELLID                    RATE      
 -----------------------------------------------
     1      (1,40,6)             -33.743671     
     2      (1,40,7)             -35.069933     
     3      (1,40,8)             -39.943449     
     4      (1,40,9)             -31.058868     
     5      (1,40,10)            -30.753216     
     6      (1,40,11)            -28.214148     
     7      (1,40,12)            -26.502899     
     8      (1,40,13)            -30.206488     
     9      (1,40,14)            -24.546294     
     10     (1,40,15)            -20.408171     
 -----------------------------------------------




 HEAD WILL BE SAVED ON UNIT 1034 AT END OF TIME STEP    1, STRESS PERIOD    1


  SFR_1 BUDGET FOR ENTIRE MODEL AT END OF TIME STEP    1, STRESS PERIOD   1
  ------------------------------------------------------------------------------

     CUMULATIVE SFR_1      L**3       RATES FOR THIS TIME STEP      L**3/T
     ------------------                 ------------------------

           IN:                                      IN:
           ---                                      ---
                 GWF =     7962290.1378                   GWF =        2179.9562
            RAINFALL =           0.0000              RAINFALL =           0.0000
         EVAPORATION =           0.0000           EVAPORATION =           0.0000
              RUNOFF =           0.0000                RUNOFF =           0.0000
          EXT-INFLOW =     1771916.4926            EXT-INFLOW =         485.1243
         EXT-OUTFLOW =           0.0000           EXT-OUTFLOW =           0.0000
             STORAGE =           0.0000               STORAGE =           0.0000

            TOTAL IN =     9734206.6303              TOTAL IN =        2665.0805

          OUT:                                     OUT:
          ----                                     ----
                 GWF =           0.0000                   GWF =           0.0000
            RAINFALL =           0.0000              RAINFALL =           0.0000
         EVAPORATION =           0.0000           EVAPORATION =           0.0000
              RUNOFF =           0.0000                RUNOFF =           0.0000
          EXT-INFLOW =           0.0000            EXT-INFLOW =           0.0000
         EXT-OUTFLOW =     9734206.6303           EXT-OUTFLOW =        2665.0805
             STORAGE =           0.0000               STORAGE =           0.0000

           TOTAL OUT =     9734206.6303             TOTAL OUT =        2665.0805

            IN - OUT =      -7.4506E-09              IN - OUT =      -1.3642E-12

 PERCENT DISCREPANCY =          -0.00     PERCENT DISCREPANCY =          -0.00



  VOLUME BUDGET FOR ENTIRE MODEL AT END OF TIME STEP    1, STRESS PERIOD   1
  ---------------------------------------------------------------------------------------------------

     CUMULATIVE VOLUME      L**3       RATES FOR THIS TIME STEP      L**3/T          PACKAGE NAME    
     ------------------                 ------------------------                     ----------------

           IN:                                      IN:
           ---                                      ---
              STO-SS =        1492.5187                STO-SS =           0.4086     STORAGE                          
              STO-SY =      516924.0890                STO-SY =         141.5261     STORAGE                          
                 WEL =           0.0000                   WEL =           0.0000     WEL                              
                 GHB =           0.0000                   GHB =           0.0000     GHB                              
                RCHA =    11883045.4609                  RCHA =        3253.4005     RCH                              
                 SFR =           0.0000                   SFR =           0.0000     SFR_1                            

            TOTAL IN =    12401462.0686              TOTAL IN =        3395.3353

          OUT:                                     OUT:
          ----                                     ----
              STO-SS =         286.4014                STO-SS =       7.8412E-02     STORAGE                          
              STO-SY =      102102.2489                STO-SY =          27.9541     STORAGE                          
                 WEL =     3441567.0440                   WEL =         942.2497     WEL                              
                 GHB =     1097383.1737                   GHB =         300.4471     GHB                              
                RCHA =           0.0000                  RCHA =           0.0000     RCH                              
                 SFR =     7786462.9380                   SFR =        2131.8174     SFR_1                            

           TOTAL OUT =    12427801.8059             TOTAL OUT =        3402.5467

            IN - OUT =      -26339.7373              IN - OUT =          -7.2114

 PERCENT DISCREPANCY =          -0.21     PERCENT DISCREPANCY =          -0.21




         TIME SUMMARY AT END OF TIME STEP    1 IN STRESS PERIOD    1
                    SECONDS     MINUTES      HOURS       DAYS        YEARS
                    -----------------------------------------------------------
   TIME STEP LENGTH 3.15576E+08 5.25960E+06  87660.      3652.5      10.000    
 STRESS PERIOD TIME 3.15576E+08 5.25960E+06  87660.      3652.5      10.000    
         TOTAL TIME 3.15576E+08 5.25960E+06  87660.      3652.5      10.000    


end timestep


start timestep kper="2" kstp="1" mode="normal"


 END OF FILE DETECTED IN OUTPUT CONTROL.
 CURRENT OUTPUT CONTROL SETTINGS WILL BE 
 REPEATED UNTIL THE END OF THE SIMULATION.

 OUTPUT CONTROL FOR STRESS PERIOD 2 IS REPEATED USING SETTINGS FROM A PREVIOUS STRESS PERIOD.


 PROCESSING STORAGE PERIOD DATA
 END PROCESSING STORAGE PERIOD DATA


 STRESS PERIOD 2 IS TRANSIENT


 OPENED freyberg6.wel_stress_period_data_2.txt
 FILE TYPE:OPEN/CLOSE   UNIT 1040   STATUS:OLD                 
 FORMAT:FORMATTED              ACCESS:SEQUENTIAL          
 ACTION:READ                

 ---------------------------------------------------
  WEL NO.    LAYER    ROW     COL     STRESS RATE   
 ---------------------------------------------------
     1         1      10      17    -293.482044     
     2         1      12      14    -278.860023     
     3         1      21      15    -268.503344     
     4         1      27      11    -273.232060     
     5         1      30       7    -258.756872     
     6         1      35      13    -313.638760     
     7         1      25       5     0.00000000     
 ---------------------------------------------------



 REUSING GHBS FROM LAST STRESS PERIOD

 OPENED freyberg6.rch_recharge_2.txt
 FILE TYPE:OPEN/CLOSE   UNIT 1041   STATUS:OLD                 
 FORMAT:FORMATTED              ACCESS:SEQUENTIAL          
 ACTION:READ                


 REUSING SFRS FROM LAST STRESS PERIOD
 UBDSV1 SAVING     FLOW-JA-FACE ON UNIT   1033 AT TIME STEP      1, STRESS PERIOD      2
 UBDSV06 SAVING              WEL IN MODEL FREYBERG6        PACKAGE FREYBERG6       CONNECTED TO MODEL FREYBERG6        PACKAGE WEL              ON UNIT   1033 AT TIME STEP      1, STRESS PERIOD      2
 UBDSV06 SAVING              GHB IN MODEL FREYBERG6        PACKAGE FREYBERG6       CONNECTED TO MODEL FREYBERG6        PACKAGE GHB              ON UNIT   1033 AT TIME STEP      1, STRESS PERIOD      2
 UBDSV06 SAVING             RCHA IN MODEL FREYBERG6        PACKAGE FREYBERG6       CONNECTED TO MODEL FREYBERG6        PACKAGE RCH              ON UNIT   1033 AT TIME STEP      1, STRESS PERIOD      2
 UBDSV06 SAVING              SFR IN MODEL FREYBERG6        PACKAGE FREYBERG6       CONNECTED TO MODEL FREYBERG6        PACKAGE SFR_1            ON UNIT   1033 AT TIME STEP      1, STRESS PERIOD      2

 WEL PACKAGE (WEL) FLOW RATES   PERIOD      2   STEP        1
 -----------------------------------------------
   NUMBER   CELLID                    RATE      
 -----------------------------------------------
     1      (1,10,17)            -293.48204     
     2      (1,12,14)            -278.86002     
     3      (1,21,15)            -268.50334     
     4      (1,27,11)            -273.23206     
     5      (1,30,7)             -258.75687     
     6      (1,35,13)            -313.63876     
     7      (1,25,5)              0.0000000     
 -----------------------------------------------




 GHB PACKAGE (GHB) FLOW RATES   PERIOD      2   STEP        1
 -----------------------------------------------
   NUMBER   CELLID                    RATE      
 -----------------------------------------------
     1      (1,40,6)             -34.386630     
     2      (1,40,7)             -35.576855     
     3      (1,40,8)             -40.405216     
     4      (1,40,9)             -31.339984     
     5      (1,40,10)            -30.850198     
     6      (1,40,11)            -28.113311     
     7      (1,40,12)            -26.299659     
     8      (1,40,13)            -29.995257     
     9      (1,40,14)            -24.368882     
     10     (1,40,15)            -20.324289     
 -----------------------------------------------




 HEAD WILL BE SAVED ON UNIT 1034 AT END OF TIME STEP    1, STRESS PERIOD    2


  SFR_1 BUDGET FOR ENTIRE MODEL AT END OF TIME STEP    1, STRESS PERIOD   2
  ------------------------------------------------------------------------------

     CUMULATIVE SFR_1      L**3       RATES FOR THIS TIME STEP      L**3/T
     ------------------                 ------------------------

           IN:                                      IN:
           ---                                      ---
                 GWF =     8026132.5058                   GWF =        2059.4312
            RAINFALL =           0.0000              RAINFALL =           0.0000
         EVAPORATION =           0.0000           EVAPORATION =           0.0000
              RUNOFF =           0.0000                RUNOFF =           0.0000
          EXT-INFLOW =     1786955.3458            EXT-INFLOW =         485.1243
         EXT-OUTFLOW =           0.0000           EXT-OUTFLOW =           0.0000
             STORAGE =           0.0000               STORAGE =           0.0000

            TOTAL IN =     9813087.8516              TOTAL IN =        2544.5555

          OUT:                                     OUT:
          ----                                     ----
                 GWF =           0.0000                   GWF =           0.0000
            RAINFALL =           0.0000              RAINFALL =           0.0000
         EVAPORATION =           0.0000           EVAPORATION =           0.0000
              RUNOFF =           0.0000                RUNOFF =           0.0000
          EXT-INFLOW =           0.0000            EXT-INFLOW =           0.0000
         EXT-OUTFLOW =     9813087.8516           EXT-OUTFLOW =        2544.5555
             STORAGE =           0.0000               STORAGE =           0.0000

           TOTAL OUT =     9813087.8516             TOTAL OUT =        2544.5555

            IN - OUT =      -7.4506E-09              IN - OUT =       9.0949E-13

 PERCENT DISCREPANCY =          -0.00     PERCENT DISCREPANCY =           0.00



  VOLUME BUDGET FOR ENTIRE MODEL AT END OF TIME STEP    1, STRESS PERIOD   2
  ---------------------------------------------------------------------------------------------------

     CUMULATIVE VOLUME      L**3       RATES FOR THIS TIME STEP      L**3/T          PACKAGE NAME    
     ------------------                 ------------------------                     ----------------

           IN:                                      IN:
           ---                                      ---
              STO-SS =        1512.0863                STO-SS =           0.6312     STORAGE                          
              STO-SY =      523833.9048                STO-SY =         222.8973     STORAGE                          
                 WEL =           0.0000                   WEL =           0.0000     WEL                              
                 GHB =           0.0000                   GHB =           0.0000     GHB                              
                RCHA =    12004285.3616                  RCHA =        3910.9645     RCH                              
                 SFR =           0.0000                   SFR =           0.0000     SFR_1                            

            TOTAL IN =    12529631.3527              TOTAL IN =        4134.4930

          OUT:                                     OUT:
          ----                                     ----
              STO-SS =         294.1790                STO-SS =           0.2509     STORAGE                          
              STO-SY =      104978.1902                STO-SY =          92.7723     STORAGE                          
                 WEL =     3493847.7101                   WEL =        1686.4731     WEL                              
                 GHB =     1106734.6424                   GHB =         301.6603     GHB                              
                RCHA =           0.0000                  RCHA =           0.0000     RCH                              
                 SFR =     7850163.0552                   SFR =        2054.8425     SFR_1                            

           TOTAL OUT =    12556017.7769             TOTAL OUT =        4135.9991

            IN - OUT =      -26386.4242              IN - OUT =          -1.5060

 PERCENT DISCREPANCY =          -0.21     PERCENT DISCREPANCY =          -0.04




         TIME SUMMARY AT END OF TIME STEP    1 IN STRESS PERIOD    2
                    SECONDS     MINUTES      HOURS       DAYS        YEARS
                    -----------------------------------------------------------
   TIME STEP LENGTH 2.67840E+06  44640.      744.00      31.000     8.48734E-02
 STRESS PERIOD TIME 2.67840E+06  44640.      744.00      31.000     8.48734E-02
         TOTAL TIME 3.18254E+08 5.30424E+06  88404.      3683.5      10.085    


end timestep


start timestep kper="3" kstp="1" mode="normal"


 OUTPUT CONTROL FOR STRESS PERIOD 3 IS REPEATED USING SETTINGS FROM A PREVIOUS STRESS PERIOD.


 STRESS PERIOD 3 IS TRANSIENT


 OPENED freyberg6.wel_stress_period_data_3.txt
 FILE TYPE:OPEN/CLOSE   UNIT 1042   STATUS:OLD                 
 FORMAT:FORMATTED              ACCESS:SEQUENTIAL          
 ACTION:READ                

 ---------------------------------------------------
  WEL NO.    LAYER    ROW     COL     STRESS RATE   
 ---------------------------------------------------
     1         1      10      17    -290.406211     
     2         1      12      14    -307.453629     
     3         1      21      15    -286.156456     
     4         1      27      11    -263.162294     
     5         1      30       7    -324.511549     
     6         1      35      13    -266.937711     
     7         1      25       5     0.00000000     
 ---------------------------------------------------



 REUSING GHBS FROM LAST STRESS PERIOD

 OPENED freyberg6.rch_recharge_3.txt
 FILE TYPE:OPEN/CLOSE   UNIT 1043   STATUS:OLD                 
 FORMAT:FORMATTED              ACCESS:SEQUENTIAL          
 ACTION:READ                


 REUSING SFRS FROM LAST STRESS PERIOD
 UBDSV1 SAVING     FLOW-JA-FACE ON UNIT   1033 AT TIME STEP      1, STRESS PERIOD      3
 UBDSV06 SAVING              WEL IN MODEL FREYBERG6        PACKAGE FREYBERG6       CONNECTED TO MODEL FREYBERG6        PACKAGE WEL              ON UNIT   1033 AT TIME STEP      1, STRESS PERIOD      3
 UBDSV06 SAVING              GHB IN MODEL FREYBERG6        PACKAGE FREYBERG6       CONNECTED TO MODEL FREYBERG6        PACKAGE GHB              ON UNIT   1033 AT TIME STEP      1, STRESS PERIOD      3
 UBDSV06 SAVING             RCHA IN MODEL FREYBERG6        PACKAGE FREYBERG6       CONNECTED TO MODEL FREYBERG6        PACKAGE RCH              ON UNIT   1033 AT TIME STEP      1, STRESS PERIOD      3
 UBDSV06 SAVING              SFR IN MODEL FREYBERG6        PACKAGE FREYBERG6       CONNECTED TO MODEL FREYBERG6        PACKAGE SFR_1            ON UNIT   1033 AT TIME STEP      1, STRESS PERIOD      3

 WEL PACKAGE (WEL) FLOW RATES   PERIOD      3   STEP        1
 -----------------------------------------------
   NUMBER   CELLID                    RATE      
 -----------------------------------------------
     1      (1,10,17)            -290.40621     
     2      (1,12,14)            -307.45363     
     3      (1,21,15)            -286.15646     
     4      (1,27,11)            -263.16229     
     5      (1,30,7)             -324.51155     
     6      (1,35,13)            -266.93771     
     7      (1,25,5)              0.0000000     
 -----------------------------------------------




 GHB PACKAGE (GHB) FLOW RATES   PERIOD      3   STEP        1
 -----------------------------------------------
   NUMBER   CELLID                    RATE      
 -----------------------------------------------
     1      (1,40,6)             -37.510124     
     2      (1,40,7)             -38.329555     
     3      (1,40,8)             -43.497846     
     4      (1,40,9)             -34.387945     
     5      (1,40,10)            -34.078813     
     6      (1,40,11)            -30.952169     
     7      (1,40,12)            -28.847438     
     8      (1,40,13)            -32.411313     
     9      (1,40,14)            -26.887817     
     10     (1,40,15)            -22.578204     
 -----------------------------------------------




 HEAD WILL BE SAVED ON UNIT 1034 AT END OF TIME STEP    1, STRESS PERIOD    3


  SFR_1 BUDGET FOR ENTIRE MODEL AT END OF TIME STEP    1, STRESS PERIOD   3
  ------------------------------------------------------------------------------

     CUMULATIVE SFR_1      L**3       RATES FOR THIS TIME STEP      L**3/T
     ------------------                 ------------------------

           IN:                                      IN:
           ---                                      ---
                 GWF =     8091819.0812                   GWF =        2265.0543
            RAINFALL =           0.0000              RAINFALL =           0.0000
         EVAPORATION =           0.0000           EVAPORATION =           0.0000
              RUNOFF =           0.0000                RUNOFF =           0.0000
          EXT-INFLOW =     1801023.9504            EXT-INFLOW =         485.1243
         EXT-OUTFLOW =           0.0000           EXT-OUTFLOW =           0.0000
             STORAGE =           0.0000               STORAGE =           0.0000

            TOTAL IN =     9892843.0315              TOTAL IN =        2750.1786

          OUT:                                     OUT:
          ----                                     ----
                 GWF =           0.0000                   GWF =           0.0000
            RAINFALL =           0.0000              RAINFALL =           0.0000
         EVAPORATION =           0.0000           EVAPORATION =           0.0000
              RUNOFF =           0.0000                RUNOFF =           0.0000
          EXT-INFLOW =           0.0000            EXT-INFLOW =           0.0000
         EXT-OUTFLOW =     9892843.0315           EXT-OUTFLOW =        2750.1786
             STORAGE =           0.0000               STORAGE =           0.0000

           TOTAL OUT =     9892843.0315             TOTAL OUT =        2750.1786

            IN - OUT =      -7.4506E-09              IN - OUT =       9.0949E-13

 PERCENT DISCREPANCY =          -0.00     PERCENT DISCREPANCY =           0.00



  VOLUME BUDGET FOR ENTIRE MODEL AT END OF TIME STEP    1, STRESS PERIOD   3
  ---------------------------------------------------------------------------------------------------

     CUMULATIVE VOLUME      L**3       RATES FOR THIS TIME STEP      L**3/T          PACKAGE NAME    
     ------------------                 ------------------------                     ----------------

           IN:                                      IN:
           ---                                      ---
              STO-SS =        1512.1568                STO-SS =       2.4306E-03     STORAGE                          
              STO-SY =      523859.7329                STO-SY =           0.8906     STORAGE                          
                 WEL =           0.0000                   WEL =           0.0000     WEL                              
                 GHB =           0.0000                   GHB =           0.0000     GHB                              
                RCHA =    12161571.1944                  RCHA =        5423.6494     RCH                              
                 SFR =           0.0000                   SFR =           0.0000     SFR_1                            

            TOTAL IN =    12686943.0840              TOTAL IN =        5424.5425

          OUT:                                     OUT:
          ----                                     ----
              STO-SS =         381.3283                STO-SS =           3.0051     STORAGE                          
              STO-SY =      136196.2707                STO-SY =        1076.4855     STORAGE                          
                 WEL =     3544267.9178                   WEL =        1738.6278     WEL                              
                 GHB =     1116289.5979                   GHB =         329.4812     GHB                              
                RCHA =           0.0000                  RCHA =           0.0000     RCH                              
                 SFR =     7916133.6914                   SFR =        2274.8495     SFR_1                            

           TOTAL OUT =    12713268.8061             TOTAL OUT =        5422.4493

            IN - OUT =      -26325.7221              IN - OUT =           2.0932

 PERCENT DISCREPANCY =          -0.21     PERCENT DISCREPANCY =           0.04




         TIME SUMMARY AT END OF TIME STEP    1 IN STRESS PERIOD    3
                    SECONDS     MINUTES      HOURS       DAYS        YEARS
                    -----------------------------------------------------------
   TIME STEP LENGTH 2.50560E+06  41760.      696.00      29.000     7.93977E-02
 STRESS PERIOD TIME 2.50560E+06  41760.      696.00      29.000     7.93977E-02
         TOTAL TIME 3.20760E+08 5.34600E+06  89100.      3712.5      10.164    


end timestep


start timestep kper="4" kstp="1" mode="normal"


 OUTPUT CONTROL FOR STRESS PERIOD 4 IS REPEATED USING SETTINGS FROM A PREVIOUS STRESS PERIOD.


 STRESS PERIOD 4 IS TRANSIENT


 OPENED freyberg6.wel_stress_period_data_4.txt
 FILE TYPE:OPEN/CLOSE   UNIT 1044   STATUS:OLD                 
 FORMAT:FORMATTED              ACCESS:SEQUENTIAL          
 ACTION:READ                

 ---------------------------------------------------
  WEL NO.    LAYER    ROW     COL     STRESS RATE   
 ---------------------------------------------------
     1         1      10      17    -288.354278     
     2         1      12      14    -325.067585     
     3         1      21      15    -316.537598     
     4         1      27      11    -347.058735     
     5         1      30       7    -300.285999     
     6         1      35      13    -339.575974     
     7         1      25       5     0.00000000     
 ---------------------------------------------------



 REUSING GHBS FROM LAST STRESS PERIOD

 OPENED freyberg6.rch_recharge_4.txt
 FILE TYPE:OPEN/CLOSE   UNIT 1045   STATUS:OLD                 
 FORMAT:FORMATTED              ACCESS:SEQUENTIAL          
 ACTION:READ                


 REUSING SFRS FROM LAST STRESS PERIOD
 UBDSV1 SAVING     FLOW-JA-FACE ON UNIT   1033 AT TIME STEP      1, STRESS PERIOD      4
 UBDSV06 SAVING              WEL IN MODEL FREYBERG6        PACKAGE FREYBERG6       CONNECTED TO MODEL FREYBERG6        PACKAGE WEL              ON UNIT   1033 AT TIME STEP      1, STRESS PERIOD      4
 UBDSV06 SAVING              GHB IN MODEL FREYBERG6        PACKAGE FREYBERG6       CONNECTED TO MODEL FREYBERG6        PACKAGE GHB              ON UNIT   1033 AT TIME STEP      1, STRESS PERIOD      4
 UBDSV06 SAVING             RCHA IN MODEL FREYBERG6        PACKAGE FREYBERG6       CONNECTED TO MODEL FREYBERG6        PACKAGE RCH              ON UNIT   1033 AT TIME STEP      1, STRESS PERIOD      4
 UBDSV06 SAVING              SFR IN MODEL FREYBERG6        PACKAGE FREYBERG6       CONNECTED TO MODEL FREYBERG6        PACKAGE SFR_1            ON UNIT   1033 AT TIME STEP      1, STRESS PERIOD      4

 WEL PACKAGE (WEL) FLOW RATES   PERIOD      4   STEP        1
 -----------------------------------------------
   NUMBER   CELLID                    RATE      
 -----------------------------------------------
     1      (1,10,17)            -288.35428     
     2      (1,12,14)            -325.06759     
     3      (1,21,15)            -316.53760     
     4      (1,27,11)            -347.05874     
     5      (1,30,7)             -300.28600     
     6      (1,35,13)            -339.57597     
     7      (1,25,5)              0.0000000     
 -----------------------------------------------




 GHB PACKAGE (GHB) FLOW RATES   PERIOD      4   STEP        1
 -----------------------------------------------
   NUMBER   CELLID                    RATE      
 -----------------------------------------------
     1      (1,40,6)             -40.997075     
     2      (1,40,7)             -41.330505     
     3      (1,40,8)             -46.760769     
     4      (1,40,9)             -37.497184     
     5      (1,40,10)            -37.257136     
     6      (1,40,11)            -33.644814     
     7      (1,40,12)            -31.184232     
     8      (1,40,13)            -34.575345     
     9      (1,40,14)            -29.125697     
     10     (1,40,15)            -24.587705     
 -----------------------------------------------




 HEAD WILL BE SAVED ON UNIT 1034 AT END OF TIME STEP    1, STRESS PERIOD    4


  SFR_1 BUDGET FOR ENTIRE MODEL AT END OF TIME STEP    1, STRESS PERIOD   4
  ------------------------------------------------------------------------------

     CUMULATIVE SFR_1      L**3       RATES FOR THIS TIME STEP      L**3/T
     ------------------                 ------------------------

           IN:                                      IN:
           ---                                      ---
                 GWF =     8169675.9292                   GWF =        2511.5112
            RAINFALL =           0.0000              RAINFALL =           0.0000
         EVAPORATION =           0.0000           EVAPORATION =           0.0000
              RUNOFF =           0.0000                RUNOFF =           0.0000
          EXT-INFLOW =     1816062.8036            EXT-INFLOW =         485.1243
         EXT-OUTFLOW =           0.0000           EXT-OUTFLOW =           0.0000
             STORAGE =           0.0000               STORAGE =           0.0000

            TOTAL IN =     9985738.7327              TOTAL IN =        2996.6355

          OUT:                                     OUT:
          ----                                     ----
                 GWF =           0.0000                   GWF =           0.0000
            RAINFALL =           0.0000              RAINFALL =           0.0000
         EVAPORATION =           0.0000           EVAPORATION =           0.0000
              RUNOFF =           0.0000                RUNOFF =           0.0000
          EXT-INFLOW =           0.0000            EXT-INFLOW =           0.0000
         EXT-OUTFLOW =     9985738.7327           EXT-OUTFLOW =        2996.6355
             STORAGE =           0.0000               STORAGE =           0.0000

           TOTAL OUT =     9985738.7327             TOTAL OUT =        2996.6355

            IN - OUT =      -7.4506E-09              IN - OUT =           0.0000

 PERCENT DISCREPANCY =          -0.00     PERCENT DISCREPANCY =           0.00



  VOLUME BUDGET FOR ENTIRE MODEL AT END OF TIME STEP    1, STRESS PERIOD   4
  ---------------------------------------------------------------------------------------------------

     CUMULATIVE VOLUME      L**3       RATES FOR THIS TIME STEP      L**3/T          PACKAGE NAME    
     ------------------                 ------------------------                     ----------------

           IN:                                      IN:
           ---                                      ---
              STO-SS =        1512.2628                STO-SS =       3.4214E-03     STORAGE                          
              STO-SY =      523894.1668                STO-SY =           1.1108     STORAGE                          
                 WEL =           0.0000                   WEL =           0.0000     WEL                              
                 GHB =           0.0000                   GHB =           0.0000     GHB                              
                RCHA =    12350501.1394                  RCHA =        6094.5144     RCH                              
                 SFR =           0.0000                   SFR =           0.0000     SFR_1                            

            TOTAL IN =    12875907.5690              TOTAL IN =        6095.6285

          OUT:                                     OUT:
          ----                                     ----
              STO-SS =         492.9251                STO-SS =           3.5999     STORAGE                          
              STO-SY =      176252.8851                STO-SY =        1292.1489     STORAGE                          
                 WEL =     3603691.2030                   WEL =        1916.8802     WEL                              
                 GHB =     1127355.3722                   GHB =         356.9605     GHB                              
                RCHA =           0.0000                  RCHA =           0.0000     RCH                              
                 SFR =     7994359.9181                   SFR =        2523.4267     SFR_1                            

           TOTAL OUT =    12902152.3035             TOTAL OUT =        6093.0160

            IN - OUT =      -26244.7344              IN - OUT =           2.6125

 PERCENT DISCREPANCY =          -0.20     PERCENT DISCREPANCY =           0.04




         TIME SUMMARY AT END OF TIME STEP    1 IN STRESS PERIOD    4
                    SECONDS     MINUTES      HOURS       DAYS        YEARS
                    -----------------------------------------------------------
   TIME STEP LENGTH 2.67840E+06  44640.      744.00      31.000     8.48734E-02
 STRESS PERIOD TIME 2.67840E+06  44640.      744.00      31.000     8.48734E-02
         TOTAL TIME 3.23438E+08 5.39064E+06  89844.      3743.5      10.249    


end timestep


start timestep kper="5" kstp="1" mode="normal"


 OUTPUT CONTROL FOR STRESS PERIOD 5 IS REPEATED USING SETTINGS FROM A PREVIOUS STRESS PERIOD.


 STRESS PERIOD 5 IS TRANSIENT


 OPENED freyberg6.wel_stress_period_data_5.txt
 FILE TYPE:OPEN/CLOSE   UNIT 1046   STATUS:OLD                 
 FORMAT:FORMATTED              ACCESS:SEQUENTIAL          
 ACTION:READ                

 ---------------------------------------------------
  WEL NO.    LAYER    ROW     COL     STRESS RATE   
 ---------------------------------------------------
     1         1      10      17    -324.385764     
     2         1      12      14    -332.808570     
     3         1      21      15    -321.812543     
     4         1      27      11    -306.758059     
     5         1      30       7    -328.695863     
     6         1      35      13    -303.752086     
     7         1      25       5     0.00000000     
 ---------------------------------------------------



 REUSING GHBS FROM LAST STRESS PERIOD

 OPENED freyberg6.rch_recharge_5.txt
 FILE TYPE:OPEN/CLOSE   UNIT 1047   STATUS:OLD                 
 FORMAT:FORMATTED              ACCESS:SEQUENTIAL          
 ACTION:READ                


 REUSING SFRS FROM LAST STRESS PERIOD
 UBDSV1 SAVING     FLOW-JA-FACE ON UNIT   1033 AT TIME STEP      1, STRESS PERIOD      5
 UBDSV06 SAVING              WEL IN MODEL FREYBERG6        PACKAGE FREYBERG6       CONNECTED TO MODEL FREYBERG6        PACKAGE WEL              ON UNIT   1033 AT TIME STEP      1, STRESS PERIOD      5
 UBDSV06 SAVING              GHB IN MODEL FREYBERG6        PACKAGE FREYBERG6       CONNECTED TO MODEL FREYBERG6        PACKAGE GHB              ON UNIT   1033 AT TIME STEP      1, STRESS PERIOD      5
 UBDSV06 SAVING             RCHA IN MODEL FREYBERG6        PACKAGE FREYBERG6       CONNECTED TO MODEL FREYBERG6        PACKAGE RCH              ON UNIT   1033 AT TIME STEP      1, STRESS PERIOD      5
 UBDSV06 SAVING              SFR IN MODEL FREYBERG6        PACKAGE FREYBERG6       CONNECTED TO MODEL FREYBERG6        PACKAGE SFR_1            ON UNIT   1033 AT TIME STEP      1, STRESS PERIOD      5

 WEL PACKAGE (WEL) FLOW RATES   PERIOD      5   STEP        1
 -----------------------------------------------
   NUMBER   CELLID                    RATE      
 -----------------------------------------------
     1      (1,10,17)            -324.38576     
     2      (1,12,14)            -332.80857     
     3      (1,21,15)            -321.81254     
     4      (1,27,11)            -306.75806     
     5      (1,30,7)             -328.69586     
     6      (1,35,13)            -303.75209     
     7      (1,25,5)              0.0000000     
 -----------------------------------------------




 GHB PACKAGE (GHB) FLOW RATES   PERIOD      5   STEP        1
 -----------------------------------------------
   NUMBER   CELLID                    RATE      
 -----------------------------------------------
     1      (1,40,6)             -43.999764     
     2      (1,40,7)             -43.965972     
     3      (1,40,8)             -49.644587     
     4      (1,40,9)             -40.250284     
     5      (1,40,10)            -40.119963     
     6      (1,40,11)            -36.124186     
     7      (1,40,12)            -33.372132     
     8      (1,40,13)            -36.600935     
     9      (1,40,14)            -31.179975     
     10     (1,40,15)            -26.367545     
 -----------------------------------------------




 HEAD WILL BE SAVED ON UNIT 1034 AT END OF TIME STEP    1, STRESS PERIOD    5


  SFR_1 BUDGET FOR ENTIRE MODEL AT END OF TIME STEP    1, STRESS PERIOD   5
  ------------------------------------------------------------------------------

     CUMULATIVE SFR_1      L**3       RATES FOR THIS TIME STEP      L**3/T
     ------------------                 ------------------------

           IN:                                      IN:
           ---                                      ---
                 GWF =     8251394.5040                   GWF =        2723.9525
            RAINFALL =           0.0000              RAINFALL =           0.0000
         EVAPORATION =           0.0000           EVAPORATION =           0.0000
              RUNOFF =           0.0000                RUNOFF =           0.0000
          EXT-INFLOW =     1830616.5325            EXT-INFLOW =         485.1243
         EXT-OUTFLOW =           0.0000           EXT-OUTFLOW =           0.0000
             STORAGE =           0.0000               STORAGE =           0.0000

            TOTAL IN =    10082011.0364              TOTAL IN =        3209.0768

          OUT:                                     OUT:
          ----                                     ----
                 GWF =           0.0000                   GWF =           0.0000
            RAINFALL =           0.0000              RAINFALL =           0.0000
         EVAPORATION =           0.0000           EVAPORATION =           0.0000
              RUNOFF =           0.0000                RUNOFF =           0.0000
          EXT-INFLOW =           0.0000            EXT-INFLOW =           0.0000
         EXT-OUTFLOW =    10082011.0364           EXT-OUTFLOW =        3209.0768
             STORAGE =           0.0000               STORAGE =           0.0000

           TOTAL OUT =    10082011.0364             TOTAL OUT =        3209.0768

            IN - OUT =      -9.3132E-09              IN - OUT =       4.5475E-13

 PERCENT DISCREPANCY =          -0.00     PERCENT DISCREPANCY =           0.00



  VOLUME BUDGET FOR ENTIRE MODEL AT END OF TIME STEP    1, STRESS PERIOD   5
  ---------------------------------------------------------------------------------------------------

     CUMULATIVE VOLUME      L**3       RATES FOR THIS TIME STEP      L**3/T          PACKAGE NAME    
     ------------------                 ------------------------                     ----------------

           IN:                                      IN:
           ---                                      ---
              STO-SS =        1512.2676                STO-SS =       1.5790E-04     STORAGE                          
              STO-SY =      523895.7721                STO-SY =       5.3510E-02     STORAGE                          
                 WEL =           0.0000                   WEL =           0.0000     WEL                              
                 GHB =           0.0000                   GHB =           0.0000     GHB                              
                RCHA =    12539564.8275                  RCHA =        6302.1229     RCH                              
                 SFR =           0.0000                   SFR =           0.0000     SFR_1                            

            TOTAL IN =    13064972.8672              TOTAL IN =        6302.1766

          OUT:                                     OUT:
          ----                                     ----
              STO-SS =         598.9875                STO-SS =           3.5354     STORAGE                          
              STO-SY =      214180.5208                STO-SY =        1264.2545     STORAGE                          
                 WEL =     3661237.5896                   WEL =        1918.2129     WEL                              
                 GHB =     1138804.1325                   GHB =         381.6253     GHB                              
                RCHA =           0.0000                  RCHA =           0.0000     RCH                              
                 SFR =     8076343.0246                   SFR =        2732.7702     SFR_1                            

           TOTAL OUT =    13091164.2550             TOTAL OUT =        6300.3984

            IN - OUT =      -26191.3878              IN - OUT =           1.7782

 PERCENT DISCREPANCY =          -0.20     PERCENT DISCREPANCY =           0.03




         TIME SUMMARY AT END OF TIME STEP    1 IN STRESS PERIOD    5
                    SECONDS     MINUTES      HOURS       DAYS        YEARS
                    -----------------------------------------------------------
   TIME STEP LENGTH 2.59200E+06  43200.      720.00      30.000     8.21355E-02
 STRESS PERIOD TIME 2.59200E+06  43200.      720.00      30.000     8.21355E-02
         TOTAL TIME 3.26030E+08 5.43384E+06  90564.      3773.5      10.331    


end timestep


start timestep kper="6" kstp="1" mode="normal"


 OUTPUT CONTROL FOR STRESS PERIOD 6 IS REPEATED USING SETTINGS FROM A PREVIOUS STRESS PERIOD.


 STRESS PERIOD 6 IS TRANSIENT


 OPENED freyberg6.wel_stress_period_data_6.txt
 FILE TYPE:OPEN/CLOSE   UNIT 1048   STATUS:OLD                 
 FORMAT:FORMATTED              ACCESS:SEQUENTIAL          
 ACTION:READ                

 ---------------------------------------------------
  WEL NO.    LAYER    ROW     COL     STRESS RATE   
 ---------------------------------------------------
     1         1      10      17    -266.055499     
     2         1      12      14    -279.048539     
     3         1      21      15    -303.447645     
     4         1      27      11    -319.911467     
     5         1      30       7    -267.792935     
     6         1      35      13    -290.900697     
     7         1      25       5     0.00000000     
 ---------------------------------------------------



 REUSING GHBS FROM LAST STRESS PERIOD

 OPENED freyberg6.rch_recharge_6.txt
 FILE TYPE:OPEN/CLOSE   UNIT 1049   STATUS:OLD                 
 FORMAT:FORMATTED              ACCESS:SEQUENTIAL          
 ACTION:READ                


 REUSING SFRS FROM LAST STRESS PERIOD
 UBDSV1 SAVING     FLOW-JA-FACE ON UNIT   1033 AT TIME STEP      1, STRESS PERIOD      6
 UBDSV06 SAVING              WEL IN MODEL FREYBERG6        PACKAGE FREYBERG6       CONNECTED TO MODEL FREYBERG6        PACKAGE WEL              ON UNIT   1033 AT TIME STEP      1, STRESS PERIOD      6
 UBDSV06 SAVING              GHB IN MODEL FREYBERG6        PACKAGE FREYBERG6       CONNECTED TO MODEL FREYBERG6        PACKAGE GHB              ON UNIT   1033 AT TIME STEP      1, STRESS PERIOD      6
 UBDSV06 SAVING             RCHA IN MODEL FREYBERG6        PACKAGE FREYBERG6       CONNECTED TO MODEL FREYBERG6        PACKAGE RCH              ON UNIT   1033 AT TIME STEP      1, STRESS PERIOD      6
 UBDSV06 SAVING              SFR IN MODEL FREYBERG6        PACKAGE FREYBERG6       CONNECTED TO MODEL FREYBERG6        PACKAGE SFR_1            ON UNIT   1033 AT TIME STEP      1, STRESS PERIOD      6

 WEL PACKAGE (WEL) FLOW RATES   PERIOD      6   STEP        1
 -----------------------------------------------
   NUMBER   CELLID                    RATE      
 -----------------------------------------------
     1      (1,10,17)            -266.05550     
     2      (1,12,14)            -279.04854     
     3      (1,21,15)            -303.44764     
     4      (1,27,11)            -319.91147     
     5      (1,30,7)             -267.79293     
     6      (1,35,13)            -290.90070     
     7      (1,25,5)              0.0000000     
 -----------------------------------------------




 GHB PACKAGE (GHB) FLOW RATES   PERIOD      6   STEP        1
 -----------------------------------------------
   NUMBER   CELLID                    RATE      
 -----------------------------------------------
     1      (1,40,6)             -44.818555     
     2      (1,40,7)             -44.678042     
     3      (1,40,8)             -50.463740     
     4      (1,40,9)             -41.069667     
     5      (1,40,10)            -40.960410     
     6      (1,40,11)            -36.834938     
     7      (1,40,12)            -33.975447     
     8      (1,40,13)            -37.122735     
     9      (1,40,14)            -31.661898     
     10     (1,40,15)            -26.736187     
 -----------------------------------------------




 HEAD WILL BE SAVED ON UNIT 1034 AT END OF TIME STEP    1, STRESS PERIOD    6


  SFR_1 BUDGET FOR ENTIRE MODEL AT END OF TIME STEP    1, STRESS PERIOD   6
  ------------------------------------------------------------------------------

     CUMULATIVE SFR_1      L**3       RATES FOR THIS TIME STEP      L**3/T
     ------------------                 ------------------------

           IN:                                      IN:
           ---                                      ---
                 GWF =     8338834.9405                   GWF =        2820.6592
            RAINFALL =           0.0000              RAINFALL =           0.0000
         EVAPORATION =           0.0000           EVAPORATION =           0.0000
              RUNOFF =           0.0000                RUNOFF =           0.0000
          EXT-INFLOW =     1845655.3856            EXT-INFLOW =         485.1243
         EXT-OUTFLOW =           0.0000           EXT-OUTFLOW =           0.0000
             STORAGE =           0.0000               STORAGE =           0.0000

            TOTAL IN =    10184490.3261              TOTAL IN =        3305.7835

          OUT:                                     OUT:
          ----                                     ----
                 GWF =           0.0000                   GWF =           0.0000
            RAINFALL =           0.0000              RAINFALL =           0.0000
         EVAPORATION =           0.0000           EVAPORATION =           0.0000
              RUNOFF =           0.0000                RUNOFF =           0.0000
          EXT-INFLOW =           0.0000            EXT-INFLOW =           0.0000
         EXT-OUTFLOW =    10184490.3261           EXT-OUTFLOW =        3305.7835
             STORAGE =           0.0000               STORAGE =           0.0000

           TOTAL OUT =    10184490.3261             TOTAL OUT =        3305.7835

            IN - OUT =      -9.3132E-09              IN - OUT =           0.0000

 PERCENT DISCREPANCY =          -0.00     PERCENT DISCREPANCY =           0.00



  VOLUME BUDGET FOR ENTIRE MODEL AT END OF TIME STEP    1, STRESS PERIOD   6
  ---------------------------------------------------------------------------------------------------

     CUMULATIVE VOLUME      L**3       RATES FOR THIS TIME STEP      L**3/T          PACKAGE NAME    
     ------------------                 ------------------------                     ----------------

           IN:                                      IN:
           ---                                      ---
              STO-SS =        1512.2676                STO-SS =           0.0000     STORAGE                          
              STO-SY =      523895.7721                STO-SY =           0.0000     STORAGE                          
                 WEL =           0.0000                   WEL =           0.0000     WEL                              
                 GHB =           0.0000                   GHB =           0.0000     GHB                              
                RCHA =    12713897.8318                  RCHA =        5623.6453     RCH                              
                 SFR =           0.0000                   SFR =           0.0000     SFR_1                            

            TOTAL IN =    13239305.8715              TOTAL IN =        5623.6453

          OUT:                                     OUT:
          ----                                     ----
              STO-SS =         657.3235                STO-SS =           1.8818     STORAGE                          
              STO-SY =      235244.6113                STO-SY =         679.4868     STORAGE                          
                 WEL =     3714779.4498                   WEL =        1727.1568     WEL                              
                 GHB =     1150842.1026                   GHB =         388.3216     GHB                              
                RCHA =           0.0000                  RCHA =           0.0000     RCH                              
                 SFR =     8163934.4470                   SFR =        2825.5298     SFR_1                            

           TOTAL OUT =    13265457.9343             TOTAL OUT =        5622.3768

            IN - OUT =      -26152.0628              IN - OUT =           1.2685

 PERCENT DISCREPANCY =          -0.20     PERCENT DISCREPANCY =           0.02




         TIME SUMMARY AT END OF TIME STEP    1 IN STRESS PERIOD    6
                    SECONDS     MINUTES      HOURS       DAYS        YEARS
                    -----------------------------------------------------------
   TIME STEP LENGTH 2.67840E+06  44640.      744.00      31.000     8.48734E-02
 STRESS PERIOD TIME 2.67840E+06  44640.      744.00      31.000     8.48734E-02
         TOTAL TIME 3.28709E+08 5.47848E+06  91308.      3804.5      10.416    


end timestep


start timestep kper="7" kstp="1" mode="normal"


 OUTPUT CONTROL FOR STRESS PERIOD 7 IS REPEATED USING SETTINGS FROM A PREVIOUS STRESS PERIOD.


 STRESS PERIOD 7 IS TRANSIENT


 OPENED freyberg6.wel_stress_period_data_7.txt
 FILE TYPE:OPEN/CLOSE   UNIT 1050   STATUS:OLD                 
 FORMAT:FORMATTED              ACCESS:SEQUENTIAL          
 ACTION:READ                

 ---------------------------------------------------
  WEL NO.    LAYER    ROW     COL     STRESS RATE   
 ---------------------------------------------------
     1         1      10      17    -265.141718     
     2         1      12      14    -262.474588     
     3         1      21      15    -270.770964     
     4         1      27      11    -271.074051     
     5         1      30       7    -244.387867     
     6         1      35      13    -253.956569     
     7         1      25       5     0.00000000     
 ---------------------------------------------------



 REUSING GHBS FROM LAST STRESS PERIOD

 OPENED freyberg6.rch_recharge_7.txt
 FILE TYPE:OPEN/CLOSE   UNIT 1051   STATUS:OLD                 
 FORMAT:FORMATTED              ACCESS:SEQUENTIAL          
 ACTION:READ                


 REUSING SFRS FROM LAST STRESS PERIOD
 UBDSV1 SAVING     FLOW-JA-FACE ON UNIT   1033 AT TIME STEP      1, STRESS PERIOD      7
 UBDSV06 SAVING              WEL IN MODEL FREYBERG6        PACKAGE FREYBERG6       CONNECTED TO MODEL FREYBERG6        PACKAGE WEL              ON UNIT   1033 AT TIME STEP      1, STRESS PERIOD      7
 UBDSV06 SAVING              GHB IN MODEL FREYBERG6        PACKAGE FREYBERG6       CONNECTED TO MODEL FREYBERG6        PACKAGE GHB              ON UNIT   1033 AT TIME STEP      1, STRESS PERIOD      7
 UBDSV06 SAVING             RCHA IN MODEL FREYBERG6        PACKAGE FREYBERG6       CONNECTED TO MODEL FREYBERG6        PACKAGE RCH              ON UNIT   1033 AT TIME STEP      1, STRESS PERIOD      7
 UBDSV06 SAVING              SFR IN MODEL FREYBERG6        PACKAGE FREYBERG6       CONNECTED TO MODEL FREYBERG6        PACKAGE SFR_1            ON UNIT   1033 AT TIME STEP      1, STRESS PERIOD      7

 WEL PACKAGE (WEL) FLOW RATES   PERIOD      7   STEP        1
 -----------------------------------------------
   NUMBER   CELLID                    RATE      
 -----------------------------------------------
     1      (1,10,17)            -265.14172     
     2      (1,12,14)            -262.47459     
     3      (1,21,15)            -270.77096     
     4      (1,27,11)            -271.07405     
     5      (1,30,7)             -244.38787     
     6      (1,35,13)            -253.95657     
     7      (1,25,5)              0.0000000     
 -----------------------------------------------




 GHB PACKAGE (GHB) FLOW RATES   PERIOD      7   STEP        1
 -----------------------------------------------
   NUMBER   CELLID                    RATE      
 -----------------------------------------------
     1      (1,40,6)             -42.815125     
     2      (1,40,7)             -42.906197     
     3      (1,40,8)             -48.482776     
     4      (1,40,9)             -39.161865     
     5      (1,40,10)            -39.043460     
     6      (1,40,11)            -35.199061     
     7      (1,40,12)            -32.528643     
     8      (1,40,13)            -35.745537     
     9      (1,40,14)            -30.200096     
     10     (1,40,15)            -25.396737     
 -----------------------------------------------




 HEAD WILL BE SAVED ON UNIT 1034 AT END OF TIME STEP    1, STRESS PERIOD    7


  SFR_1 BUDGET FOR ENTIRE MODEL AT END OF TIME STEP    1, STRESS PERIOD   7
  ------------------------------------------------------------------------------

     CUMULATIVE SFR_1      L**3       RATES FOR THIS TIME STEP      L**3/T
     ------------------                 ------------------------

           IN:                                      IN:
           ---                                      ---
                 GWF =     8423591.9578                   GWF =        2825.2339
            RAINFALL =           0.0000              RAINFALL =           0.0000
         EVAPORATION =           0.0000           EVAPORATION =           0.0000
              RUNOFF =           0.0000                RUNOFF =           0.0000
          EXT-INFLOW =     1860209.1145            EXT-INFLOW =         485.1243
         EXT-OUTFLOW =           0.0000           EXT-OUTFLOW =           0.0000
             STORAGE =           0.0000               STORAGE =           0.0000

            TOTAL IN =    10283801.0723              TOTAL IN =        3310.3582

          OUT:                                     OUT:
          ----                                     ----
                 GWF =           0.0000                   GWF =           0.0000
            RAINFALL =           0.0000              RAINFALL =           0.0000
         EVAPORATION =           0.0000           EVAPORATION =           0.0000
              RUNOFF =           0.0000                RUNOFF =           0.0000
          EXT-INFLOW =           0.0000            EXT-INFLOW =           0.0000
         EXT-OUTFLOW =    10283801.0723           EXT-OUTFLOW =        3310.3582
             STORAGE =           0.0000               STORAGE =           0.0000

           TOTAL OUT =    10283801.0723             TOTAL OUT =        3310.3582

            IN - OUT =      -9.3132E-09              IN - OUT =       4.5475E-13

 PERCENT DISCREPANCY =          -0.00     PERCENT DISCREPANCY =           0.00



  VOLUME BUDGET FOR ENTIRE MODEL AT END OF TIME STEP    1, STRESS PERIOD   7
  ---------------------------------------------------------------------------------------------------

     CUMULATIVE VOLUME      L**3       RATES FOR THIS TIME STEP      L**3/T          PACKAGE NAME    
     ------------------                 ------------------------                     ----------------

           IN:                                      IN:
           ---                                      ---
              STO-SS =        1542.3972                STO-SS =           1.0043     STORAGE                          
              STO-SY =      534208.5632                STO-SY =         343.7597     STORAGE                          
                 WEL =           0.0000                   WEL =           0.0000     WEL                              
                 GHB =           0.0000                   GHB =           0.0000     GHB                              
                RCHA =    12842541.1405                  RCHA =        4288.1103     RCH                              
                 SFR =           0.0000                   SFR =           0.0000     SFR_1                            

            TOTAL IN =    13378292.1010              TOTAL IN =        4632.8743

          OUT:                                     OUT:
          ----                                     ----
              STO-SS =         658.2927                STO-SS =       3.2309E-02     STORAGE                          
              STO-SY =      235616.2796                STO-SY =          12.3889     STORAGE                          
                 WEL =     3761813.6226                   WEL =        1567.8058     WEL                              
                 GHB =     1161986.4875                   GHB =         371.4795     GHB                              
                RCHA =           0.0000                  RCHA =           0.0000     RCH                              
                 SFR =     8244471.9392                   SFR =        2684.5831     SFR_1                            

           TOTAL OUT =    13404546.6217             TOTAL OUT =        4636.2896

            IN - OUT =      -26254.5207              IN - OUT =          -3.4153

 PERCENT DISCREPANCY =          -0.20     PERCENT DISCREPANCY =          -0.07




         TIME SUMMARY AT END OF TIME STEP    1 IN STRESS PERIOD    7
                    SECONDS     MINUTES      HOURS       DAYS        YEARS
                    -----------------------------------------------------------
   TIME STEP LENGTH 2.59200E+06  43200.      720.00      30.000     8.21355E-02
 STRESS PERIOD TIME 2.59200E+06  43200.      720.00      30.000     8.21355E-02
         TOTAL TIME 3.31301E+08 5.52168E+06  92028.      3834.5      10.498    


end timestep


start timestep kper="8" kstp="1" mode="normal"


 OUTPUT CONTROL FOR STRESS PERIOD 8 IS REPEATED USING SETTINGS FROM A PREVIOUS STRESS PERIOD.


 STRESS PERIOD 8 IS TRANSIENT


 OPENED freyberg6.wel_stress_period_data_8.txt
 FILE TYPE:OPEN/CLOSE   UNIT 1052   STATUS:OLD                 
 FORMAT:FORMATTED              ACCESS:SEQUENTIAL          
 ACTION:READ                

 ---------------------------------------------------
  WEL NO.    LAYER    ROW     COL     STRESS RATE   
 ---------------------------------------------------
     1         1      10      17    -300.510208     
     2         1      12      14    -290.867938     
     3         1      21      15    -322.222967     
     4         1      27      11    -281.088961     
     5         1      30       7    -332.420111     
     6         1      35      13    -304.683290     
     7         1      25       5     0.00000000     
 ---------------------------------------------------



 REUSING GHBS FROM LAST STRESS PERIOD

 OPENED freyberg6.rch_recharge_8.txt
 FILE TYPE:OPEN/CLOSE   UNIT 1053   STATUS:OLD                 
 FORMAT:FORMATTED              ACCESS:SEQUENTIAL          
 ACTION:READ                


 REUSING SFRS FROM LAST STRESS PERIOD
 UBDSV1 SAVING     FLOW-JA-FACE ON UNIT   1033 AT TIME STEP      1, STRESS PERIOD      8
 UBDSV06 SAVING              WEL IN MODEL FREYBERG6        PACKAGE FREYBERG6       CONNECTED TO MODEL FREYBERG6        PACKAGE WEL              ON UNIT   1033 AT TIME STEP      1, STRESS PERIOD      8
 UBDSV06 SAVING              GHB IN MODEL FREYBERG6        PACKAGE FREYBERG6       CONNECTED TO MODEL FREYBERG6        PACKAGE GHB              ON UNIT   1033 AT TIME STEP      1, STRESS PERIOD      8
 UBDSV06 SAVING             RCHA IN MODEL FREYBERG6        PACKAGE FREYBERG6       CONNECTED TO MODEL FREYBERG6        PACKAGE RCH              ON UNIT   1033 AT TIME STEP      1, STRESS PERIOD      8
 UBDSV06 SAVING              SFR IN MODEL FREYBERG6        PACKAGE FREYBERG6       CONNECTED TO MODEL FREYBERG6        PACKAGE SFR_1            ON UNIT   1033 AT TIME STEP      1, STRESS PERIOD      8

 WEL PACKAGE (WEL) FLOW RATES   PERIOD      8   STEP        1
 -----------------------------------------------
   NUMBER   CELLID                    RATE      
 -----------------------------------------------
     1      (1,10,17)            -300.51021     
     2      (1,12,14)            -290.86794     
     3      (1,21,15)            -322.22297     
     4      (1,27,11)            -281.08896     
     5      (1,30,7)             -332.42011     
     6      (1,35,13)            -304.68329     
     7      (1,25,5)              0.0000000     
 -----------------------------------------------




 GHB PACKAGE (GHB) FLOW RATES   PERIOD      8   STEP        1
 -----------------------------------------------
   NUMBER   CELLID                    RATE      
 -----------------------------------------------
     1      (1,40,6)             -38.283173     
     2      (1,40,7)             -38.952757     
     3      (1,40,8)             -44.087935     
     4      (1,40,9)             -34.800808     
     5      (1,40,10)            -34.320650     
     6      (1,40,11)            -30.983847     
     7      (1,40,12)            -28.714273     
     8      (1,40,13)            -32.126791     
     9      (1,40,14)            -26.443991     
     10     (1,40,15)            -22.060785     
 -----------------------------------------------




 HEAD WILL BE SAVED ON UNIT 1034 AT END OF TIME STEP    1, STRESS PERIOD    8


  SFR_1 BUDGET FOR ENTIRE MODEL AT END OF TIME STEP    1, STRESS PERIOD   8
  ------------------------------------------------------------------------------

     CUMULATIVE SFR_1      L**3       RATES FOR THIS TIME STEP      L**3/T
     ------------------                 ------------------------

           IN:                                      IN:
           ---                                      ---
                 GWF =     8495444.6353                   GWF =        2317.8283
            RAINFALL =           0.0000              RAINFALL =           0.0000
         EVAPORATION =           0.0000           EVAPORATION =           0.0000
              RUNOFF =           0.0000                RUNOFF =           0.0000
          EXT-INFLOW =     1875247.9677            EXT-INFLOW =         485.1243
         EXT-OUTFLOW =           0.0000           EXT-OUTFLOW =           0.0000
             STORAGE =           0.0000               STORAGE =           0.0000

            TOTAL IN =    10370692.6030              TOTAL IN =        2802.9526

          OUT:                                     OUT:
          ----                                     ----
                 GWF =           0.0000                   GWF =           0.0000
            RAINFALL =           0.0000              RAINFALL =           0.0000
         EVAPORATION =           0.0000           EVAPORATION =           0.0000
              RUNOFF =           0.0000                RUNOFF =           0.0000
          EXT-INFLOW =           0.0000            EXT-INFLOW =           0.0000
         EXT-OUTFLOW =    10370692.6030           EXT-OUTFLOW =        2802.9526
             STORAGE =           0.0000               STORAGE =           0.0000

           TOTAL OUT =    10370692.6030             TOTAL OUT =        2802.9526

            IN - OUT =      -9.3132E-09              IN - OUT =           0.0000

 PERCENT DISCREPANCY =          -0.00     PERCENT DISCREPANCY =           0.00



  VOLUME BUDGET FOR ENTIRE MODEL AT END OF TIME STEP    1, STRESS PERIOD   8
  ---------------------------------------------------------------------------------------------------

     CUMULATIVE VOLUME      L**3       RATES FOR THIS TIME STEP      L**3/T          PACKAGE NAME    
     ------------------                 ------------------------                     ----------------

           IN:                                      IN:
           ---                                      ---
              STO-SS =        1675.1170                STO-SS =           4.2813     STORAGE                          
              STO-SY =      580930.9002                STO-SY =        1507.1722     STORAGE                          
                 WEL =           0.0000                   WEL =           0.0000     WEL                              
                 GHB =           0.0000                   GHB =           0.0000     GHB                              
                RCHA =    12933958.9755                  RCHA =        2948.9624     RCH                              
                 SFR =           0.0000                   SFR =           0.0000     SFR_1                            

            TOTAL IN =    13516564.9927              TOTAL IN =        4460.4159

          OUT:                                     OUT:
          ----                                     ----
              STO-SS =         658.2927                STO-SS =           0.0000     STORAGE                          
              STO-SY =      235616.2796                STO-SY =           0.0000     STORAGE                          
                 WEL =     3818599.2203                   WEL =        1831.7935     WEL                              
                 GHB =     1172240.5128                   GHB =         330.7750     GHB                              
                RCHA =           0.0000                  RCHA =           0.0000     RCH                              
                 SFR =     8315822.4593                   SFR =        2301.6297     SFR_1                            

           TOTAL OUT =    13542936.7648             TOTAL OUT =        4464.1982

            IN - OUT =      -26371.7721              IN - OUT =          -3.7823

 PERCENT DISCREPANCY =          -0.19     PERCENT DISCREPANCY =          -0.08




         TIME SUMMARY AT END OF TIME STEP    1 IN STRESS PERIOD    8
                    SECONDS     MINUTES      HOURS       DAYS        YEARS
                    -----------------------------------------------------------
   TIME STEP LENGTH 2.67840E+06  44640.      744.00      31.000     8.48734E-02
 STRESS PERIOD TIME 2.67840E+06  44640.      744.00      31.000     8.48734E-02
         TOTAL TIME 3.33979E+08 5.56632E+06  92772.      3865.5      10.583    


end timestep


start timestep kper="9" kstp="1" mode="normal"


 OUTPUT CONTROL FOR STRESS PERIOD 9 IS REPEATED USING SETTINGS FROM A PREVIOUS STRESS PERIOD.


 STRESS PERIOD 9 IS TRANSIENT


 OPENED freyberg6.wel_stress_period_data_9.txt
 FILE TYPE:OPEN/CLOSE   UNIT 1054   STATUS:OLD                 
 FORMAT:FORMATTED              ACCESS:SEQUENTIAL          
 ACTION:READ                

 ---------------------------------------------------
  WEL NO.    LAYER    ROW     COL     STRESS RATE   
 ---------------------------------------------------
     1         1      10      17    -379.408354     
     2         1      12      14    -365.747402     
     3         1      21      15    -320.839263     
     4         1      27      11    -315.221109     
     5         1      30       7    -308.200105     
     6         1      35      13    -344.312826     
     7         1      25       5     0.00000000     
 ---------------------------------------------------



 REUSING GHBS FROM LAST STRESS PERIOD

 OPENED freyberg6.rch_recharge_9.txt
 FILE TYPE:OPEN/CLOSE   UNIT 1055   STATUS:OLD                 
 FORMAT:FORMATTED              ACCESS:SEQUENTIAL          
 ACTION:READ                


 REUSING SFRS FROM LAST STRESS PERIOD
 UBDSV1 SAVING     FLOW-JA-FACE ON UNIT   1033 AT TIME STEP      1, STRESS PERIOD      9
 UBDSV06 SAVING              WEL IN MODEL FREYBERG6        PACKAGE FREYBERG6       CONNECTED TO MODEL FREYBERG6        PACKAGE WEL              ON UNIT   1033 AT TIME STEP      1, STRESS PERIOD      9
 UBDSV06 SAVING              GHB IN MODEL FREYBERG6        PACKAGE FREYBERG6       CONNECTED TO MODEL FREYBERG6        PACKAGE GHB              ON UNIT   1033 AT TIME STEP      1, STRESS PERIOD      9
 UBDSV06 SAVING             RCHA IN MODEL FREYBERG6        PACKAGE FREYBERG6       CONNECTED TO MODEL FREYBERG6        PACKAGE RCH              ON UNIT   1033 AT TIME STEP      1, STRESS PERIOD      9
 UBDSV06 SAVING              SFR IN MODEL FREYBERG6        PACKAGE FREYBERG6       CONNECTED TO MODEL FREYBERG6        PACKAGE SFR_1            ON UNIT   1033 AT TIME STEP      1, STRESS PERIOD      9

 WEL PACKAGE (WEL) FLOW RATES   PERIOD      9   STEP        1
 -----------------------------------------------
   NUMBER   CELLID                    RATE      
 -----------------------------------------------
     1      (1,10,17)            -379.40835     
     2      (1,12,14)            -365.74740     
     3      (1,21,15)            -320.83926     
     4      (1,27,11)            -315.22111     
     5      (1,30,7)             -308.20010     
     6      (1,35,13)            -344.31283     
     7      (1,25,5)              0.0000000     
 -----------------------------------------------




 GHB PACKAGE (GHB) FLOW RATES   PERIOD      9   STEP        1
 -----------------------------------------------
   NUMBER   CELLID                    RATE      
 -----------------------------------------------
     1      (1,40,6)             -31.170581     
     2      (1,40,7)             -32.636562     
     3      (1,40,8)             -36.883241     
     4      (1,40,9)             -27.600864     
     5      (1,40,10)            -26.596700     
     6      (1,40,11)            -24.137151     
     7      (1,40,12)            -22.561995     
     8      (1,40,13)            -26.336951     
     9      (1,40,14)            -20.486393     
     10     (1,40,15)            -16.823954     
 -----------------------------------------------




 HEAD WILL BE SAVED ON UNIT 1034 AT END OF TIME STEP    1, STRESS PERIOD    9


  SFR_1 BUDGET FOR ENTIRE MODEL AT END OF TIME STEP    1, STRESS PERIOD   9
  ------------------------------------------------------------------------------

     CUMULATIVE SFR_1      L**3       RATES FOR THIS TIME STEP      L**3/T
     ------------------                 ------------------------

           IN:                                      IN:
           ---                                      ---
                 GWF =     8547803.6417                   GWF =        1689.0002
            RAINFALL =           0.0000              RAINFALL =           0.0000
         EVAPORATION =           0.0000           EVAPORATION =           0.0000
              RUNOFF =           0.0000                RUNOFF =           0.0000
          EXT-INFLOW =     1890286.8209            EXT-INFLOW =         485.1243
         EXT-OUTFLOW =           0.0000           EXT-OUTFLOW =           0.0000
             STORAGE =           0.0000               STORAGE =           0.0000

            TOTAL IN =    10438090.4626              TOTAL IN =        2174.1245

          OUT:                                     OUT:
          ----                                     ----
                 GWF =           0.0000                   GWF =           0.0000
            RAINFALL =           0.0000              RAINFALL =           0.0000
         EVAPORATION =           0.0000           EVAPORATION =           0.0000
              RUNOFF =           0.0000                RUNOFF =           0.0000
          EXT-INFLOW =           0.0000            EXT-INFLOW =           0.0000
         EXT-OUTFLOW =    10438090.4626           EXT-OUTFLOW =        2174.1245
             STORAGE =           0.0000               STORAGE =           0.0000

           TOTAL OUT =    10438090.4626             TOTAL OUT =        2174.1245

            IN - OUT =      -7.4506E-09              IN - OUT =       4.5475E-13

 PERCENT DISCREPANCY =          -0.00     PERCENT DISCREPANCY =           0.00



  VOLUME BUDGET FOR ENTIRE MODEL AT END OF TIME STEP    1, STRESS PERIOD   9
  ---------------------------------------------------------------------------------------------------

     CUMULATIVE VOLUME      L**3       RATES FOR THIS TIME STEP      L**3/T          PACKAGE NAME    
     ------------------                 ------------------------                     ----------------

           IN:                                      IN:
           ---                                      ---
              STO-SS =        1910.1513                STO-SS =           7.5817     STORAGE                          
              STO-SY =      664518.4607                STO-SY =        2696.3729     STORAGE                          
                 WEL =           0.0000                   WEL =           0.0000     WEL                              
                 GHB =           0.0000                   GHB =           0.0000     GHB                              
                RCHA =    12972698.0933                  RCHA =        1249.6490     RCH                              
                 SFR =           0.0000                   SFR =           0.0000     SFR_1                            

            TOTAL IN =    13639126.7053              TOTAL IN =        3953.6036

          OUT:                                     OUT:
          ----                                     ----
              STO-SS =         658.2927                STO-SS =           0.0000     STORAGE                          
              STO-SY =      235616.2796                STO-SY =           0.0000     STORAGE                          
                 WEL =     3881644.8212                   WEL =        2033.7291     WEL                              
                 GHB =     1180462.7790                   GHB =         265.2344     GHB                              
                RCHA =           0.0000                  RCHA =           0.0000     RCH                              
                 SFR =     8367311.7289                   SFR =        1660.9442     SFR_1                            

           TOTAL OUT =    13665693.9014             TOTAL OUT =        3959.9076

            IN - OUT =      -26567.1961              IN - OUT =          -6.3040

 PERCENT DISCREPANCY =          -0.19     PERCENT DISCREPANCY =          -0.16




         TIME SUMMARY AT END OF TIME STEP    1 IN STRESS PERIOD    9
                    SECONDS     MINUTES      HOURS       DAYS        YEARS
                    -----------------------------------------------------------
   TIME STEP LENGTH 2.67840E+06  44640.      744.00      31.000     8.48734E-02
 STRESS PERIOD TIME 2.67840E+06  44640.      744.00      31.000     8.48734E-02
         TOTAL TIME 3.36658E+08 5.61096E+06  93516.      3896.5      10.668    


end timestep


start timestep kper="10" kstp="1" mode="normal"


 OUTPUT CONTROL FOR STRESS PERIOD 10 IS REPEATED USING SETTINGS FROM A PREVIOUS STRESS PERIOD.


 STRESS PERIOD 10 IS TRANSIENT


 OPENED freyberg6.wel_stress_period_data_10.txt
 FILE TYPE:OPEN/CLOSE   UNIT 1056   STATUS:OLD                 
 FORMAT:FORMATTED              ACCESS:SEQUENTIAL          
 ACTION:READ                

 ---------------------------------------------------
  WEL NO.    LAYER    ROW     COL     STRESS RATE   
 ---------------------------------------------------
     1         1      10      17    -257.225446     
     2         1      12      14    -304.243650     
     3         1      21      15    -239.911703     
     4         1      27      11    -295.859677     
     5         1      30       7    -289.969274     
     6         1      35      13    -270.765575     
     7         1      25       5     0.00000000     
 ---------------------------------------------------



 REUSING GHBS FROM LAST STRESS PERIOD

 OPENED freyberg6.rch_recharge_10.txt
 FILE TYPE:OPEN/CLOSE   UNIT 1057   STATUS:OLD                 
 FORMAT:FORMATTED              ACCESS:SEQUENTIAL          
 ACTION:READ                


 REUSING SFRS FROM LAST STRESS PERIOD
 UBDSV1 SAVING     FLOW-JA-FACE ON UNIT   1033 AT TIME STEP      1, STRESS PERIOD     10
 UBDSV06 SAVING              WEL IN MODEL FREYBERG6        PACKAGE FREYBERG6       CONNECTED TO MODEL FREYBERG6        PACKAGE WEL              ON UNIT   1033 AT TIME STEP      1, STRESS PERIOD     10
 UBDSV06 SAVING              GHB IN MODEL FREYBERG6        PACKAGE FREYBERG6       CONNECTED TO MODEL FREYBERG6        PACKAGE GHB              ON UNIT   1033 AT TIME STEP      1, STRESS PERIOD     10
 UBDSV06 SAVING             RCHA IN MODEL FREYBERG6        PACKAGE FREYBERG6       CONNECTED TO MODEL FREYBERG6        PACKAGE RCH              ON UNIT   1033 AT TIME STEP      1, STRESS PERIOD     10
 UBDSV06 SAVING              SFR IN MODEL FREYBERG6        PACKAGE FREYBERG6       CONNECTED TO MODEL FREYBERG6        PACKAGE SFR_1            ON UNIT   1033 AT TIME STEP      1, STRESS PERIOD     10

 WEL PACKAGE (WEL) FLOW RATES   PERIOD     10   STEP        1
 -----------------------------------------------
   NUMBER   CELLID                    RATE      
 -----------------------------------------------
     1      (1,10,17)            -257.22545     
     2      (1,12,14)            -304.24365     
     3      (1,21,15)            -239.91170     
     4      (1,27,11)            -295.85968     
     5      (1,30,7)             -289.96927     
     6      (1,35,13)            -270.76558     
     7      (1,25,5)              0.0000000     
 -----------------------------------------------




 GHB PACKAGE (GHB) FLOW RATES   PERIOD     10   STEP        1
 -----------------------------------------------
   NUMBER   CELLID                    RATE      
 -----------------------------------------------
     1      (1,40,6)             -24.078997     
     2      (1,40,7)             -26.444339     
     3      (1,40,8)             -30.026241     
     4      (1,40,9)             -20.953444     
     5      (1,40,10)            -19.679754     
     6      (1,40,11)            -18.184722     
     7      (1,40,12)            -17.348033     
     8      (1,40,13)            -21.518749     
     9      (1,40,14)            -15.569179     
     10     (1,40,15)            -12.502883     
 -----------------------------------------------




 HEAD WILL BE SAVED ON UNIT 1034 AT END OF TIME STEP    1, STRESS PERIOD   10


  SFR_1 BUDGET FOR ENTIRE MODEL AT END OF TIME STEP    1, STRESS PERIOD  10
  ------------------------------------------------------------------------------

     CUMULATIVE SFR_1      L**3       RATES FOR THIS TIME STEP      L**3/T
     ------------------                 ------------------------

           IN:                                      IN:
           ---                                      ---
                 GWF =     8583827.8610                   GWF =        1200.8073
            RAINFALL =           0.0000              RAINFALL =           0.0000
         EVAPORATION =           0.0000           EVAPORATION =           0.0000
              RUNOFF =           0.0000                RUNOFF =           0.0000
          EXT-INFLOW =     1904840.5498            EXT-INFLOW =         485.1243
         EXT-OUTFLOW =           0.0000           EXT-OUTFLOW =           0.0000
             STORAGE =           0.0000               STORAGE =           0.0000

            TOTAL IN =    10488668.4108              TOTAL IN =        1685.9316

          OUT:                                     OUT:
          ----                                     ----
                 GWF =           0.0000                   GWF =           0.0000
            RAINFALL =           0.0000              RAINFALL =           0.0000
         EVAPORATION =           0.0000           EVAPORATION =           0.0000
              RUNOFF =           0.0000                RUNOFF =           0.0000
          EXT-INFLOW =           0.0000            EXT-INFLOW =           0.0000
         EXT-OUTFLOW =    10488668.4108           EXT-OUTFLOW =        1685.9316
             STORAGE =           0.0000               STORAGE =           0.0000

           TOTAL OUT =    10488668.4108             TOTAL OUT =        1685.9316

            IN - OUT =      -9.3132E-09              IN - OUT =           0.0000

 PERCENT DISCREPANCY =          -0.00     PERCENT DISCREPANCY =           0.00



  VOLUME BUDGET FOR ENTIRE MODEL AT END OF TIME STEP    1, STRESS PERIOD  10
  ---------------------------------------------------------------------------------------------------

     CUMULATIVE VOLUME      L**3       RATES FOR THIS TIME STEP      L**3/T          PACKAGE NAME    
     ------------------                 ------------------------                     ----------------

           IN:                                      IN:
           ---                                      ---
              STO-SS =        2133.1696                STO-SS =           7.4339     STORAGE                          
              STO-SY =      744702.3219                STO-SY =        2672.7954     STORAGE                          
                 WEL =           0.0000                   WEL =           0.0000     WEL                              
                 GHB =           0.0000                   GHB =           0.0000     GHB                              
                RCHA =    12983464.9227                  RCHA =         358.8943     RCH                              
                 SFR =           0.0000                   SFR =           0.0000     SFR_1                            

            TOTAL IN =    13730300.4142              TOTAL IN =        3039.1236

          OUT:                                     OUT:
          ----                                     ----
              STO-SS =         658.3708                STO-SS =       2.6006E-03     STORAGE                          
              STO-SY =      235642.9467                STO-SY =           0.8889     STORAGE                          
                 WEL =     3931384.0809                   WEL =        1657.9753     WEL                              
                 GHB =     1186651.9692                   GHB =         206.3063     GHB                              
                RCHA =           0.0000                  RCHA =           0.0000     RCH                              
                 SFR =     8402666.1635                   SFR =        1178.4812     SFR_1                            

           TOTAL OUT =    13757003.5311             TOTAL OUT =        3043.6543

            IN - OUT =      -26703.1168              IN - OUT =          -4.5307

 PERCENT DISCREPANCY =          -0.19     PERCENT DISCREPANCY =          -0.15




         TIME SUMMARY AT END OF TIME STEP    1 IN STRESS PERIOD   10
                    SECONDS     MINUTES      HOURS       DAYS        YEARS
                    -----------------------------------------------------------
   TIME STEP LENGTH 2.59200E+06  43200.      720.00      30.000     8.21355E-02
 STRESS PERIOD TIME 2.59200E+06  43200.      720.00      30.000     8.21355E-02
         TOTAL TIME 3.39250E+08 5.65416E+06  94236.      3926.5      10.750    


end timestep


start timestep kper="11" kstp="1" mode="normal"


 OUTPUT CONTROL FOR STRESS PERIOD 11 IS REPEATED USING SETTINGS FROM A PREVIOUS STRESS PERIOD.


 STRESS PERIOD 11 IS TRANSIENT


 OPENED freyberg6.wel_stress_period_data_11.txt
 FILE TYPE:OPEN/CLOSE   UNIT 1058   STATUS:OLD                 
 FORMAT:FORMATTED              ACCESS:SEQUENTIAL          
 ACTION:READ                

 ---------------------------------------------------
  WEL NO.    LAYER    ROW     COL     STRESS RATE   
 ---------------------------------------------------
     1         1      10      17    -246.421926     
     2         1      12      14    -245.353403     
     3         1      21      15    -227.939531     
     4         1      27      11    -226.872086     
     5         1      30       7    -245.804943     
     6         1      35      13    -258.777739     
     7         1      25       5     0.00000000     
 ---------------------------------------------------



 REUSING GHBS FROM LAST STRESS PERIOD

 OPENED freyberg6.rch_recharge_11.txt
 FILE TYPE:OPEN/CLOSE   UNIT 1059   STATUS:OLD                 
 FORMAT:FORMATTED              ACCESS:SEQUENTIAL          
 ACTION:READ                


 REUSING SFRS FROM LAST STRESS PERIOD
 UBDSV1 SAVING     FLOW-JA-FACE ON UNIT   1033 AT TIME STEP      1, STRESS PERIOD     11
 UBDSV06 SAVING              WEL IN MODEL FREYBERG6        PACKAGE FREYBERG6       CONNECTED TO MODEL FREYBERG6        PACKAGE WEL              ON UNIT   1033 AT TIME STEP      1, STRESS PERIOD     11
 UBDSV06 SAVING              GHB IN MODEL FREYBERG6        PACKAGE FREYBERG6       CONNECTED TO MODEL FREYBERG6        PACKAGE GHB              ON UNIT   1033 AT TIME STEP      1, STRESS PERIOD     11
 UBDSV06 SAVING             RCHA IN MODEL FREYBERG6        PACKAGE FREYBERG6       CONNECTED TO MODEL FREYBERG6        PACKAGE RCH              ON UNIT   1033 AT TIME STEP      1, STRESS PERIOD     11
 UBDSV06 SAVING              SFR IN MODEL FREYBERG6        PACKAGE FREYBERG6       CONNECTED TO MODEL FREYBERG6        PACKAGE SFR_1            ON UNIT   1033 AT TIME STEP      1, STRESS PERIOD     11

 WEL PACKAGE (WEL) FLOW RATES   PERIOD     11   STEP        1
 -----------------------------------------------
   NUMBER   CELLID                    RATE      
 -----------------------------------------------
     1      (1,10,17)            -246.42193     
     2      (1,12,14)            -245.35340     
     3      (1,21,15)            -227.93953     
     4      (1,27,11)            -226.87209     
     5      (1,30,7)             -245.80494     
     6      (1,35,13)            -258.77774     
     7      (1,25,5)              0.0000000     
 -----------------------------------------------




 GHB PACKAGE (GHB) FLOW RATES   PERIOD     11   STEP        1
 -----------------------------------------------
   NUMBER   CELLID                    RATE      
 -----------------------------------------------
     1      (1,40,6)             -18.484323     
     2      (1,40,7)             -21.589489     
     3      (1,40,8)             -24.706830     
     4      (1,40,9)             -15.856133     
     5      (1,40,10)            -14.431816     
     6      (1,40,11)            -13.712588     
     7      (1,40,12)            -13.468848     
     8      (1,40,13)            -17.977031     
     9      (1,40,14)            -12.002785     
     10     (1,40,15)            -9.4110219     
 -----------------------------------------------




 HEAD WILL BE SAVED ON UNIT 1034 AT END OF TIME STEP    1, STRESS PERIOD   11


  SFR_1 BUDGET FOR ENTIRE MODEL AT END OF TIME STEP    1, STRESS PERIOD  11
  ------------------------------------------------------------------------------

     CUMULATIVE SFR_1      L**3       RATES FOR THIS TIME STEP      L**3/T
     ------------------                 ------------------------

           IN:                                      IN:
           ---                                      ---
                 GWF =     8609718.9358                   GWF =         835.1960
            RAINFALL =           0.0000              RAINFALL =           0.0000
         EVAPORATION =           0.0000           EVAPORATION =           0.0000
              RUNOFF =           0.0000                RUNOFF =           0.0000
          EXT-INFLOW =     1919879.4030            EXT-INFLOW =         485.1243
         EXT-OUTFLOW =           0.0000           EXT-OUTFLOW =           0.0000
             STORAGE =           0.0000               STORAGE =           0.0000

            TOTAL IN =    10529598.3388              TOTAL IN =        1320.3203

          OUT:                                     OUT:
          ----                                     ----
                 GWF =           0.0000                   GWF =           0.0000
            RAINFALL =           0.0000              RAINFALL =           0.0000
         EVAPORATION =           0.0000           EVAPORATION =           0.0000
              RUNOFF =           0.0000                RUNOFF =           0.0000
          EXT-INFLOW =           0.0000            EXT-INFLOW =           0.0000
         EXT-OUTFLOW =    10529598.3388           EXT-OUTFLOW =        1320.3203
             STORAGE =           0.0000               STORAGE =           0.0000

           TOTAL OUT =    10529598.3388             TOTAL OUT =        1320.3203

            IN - OUT =      -7.4506E-09              IN - OUT =       2.2737E-13

 PERCENT DISCREPANCY =          -0.00     PERCENT DISCREPANCY =           0.00



  VOLUME BUDGET FOR ENTIRE MODEL AT END OF TIME STEP    1, STRESS PERIOD  11
  ---------------------------------------------------------------------------------------------------

     CUMULATIVE VOLUME      L**3       RATES FOR THIS TIME STEP      L**3/T          PACKAGE NAME    
     ------------------                 ------------------------                     ----------------

           IN:                                      IN:
           ---                                      ---
              STO-SS =        2317.7427                STO-SS =           5.9540     STORAGE                          
              STO-SY =      811851.5160                STO-SY =        2166.1030     STORAGE                          
                 WEL =           0.0000                   WEL =           0.0000     WEL                              
                 GHB =           0.0000                   GHB =           0.0000     GHB                              
                RCHA =    12991305.1446                  RCHA =         252.9104     RCH                              
                 SFR =           0.0000                   SFR =           0.0000     SFR_1                            

            TOTAL IN =    13805474.4033              TOTAL IN =        2424.9674

          OUT:                                     OUT:
          ----                                     ----
              STO-SS =         658.3708                STO-SS =           0.0000     STORAGE                          
              STO-SY =      235642.9467                STO-SY =           0.0000     STORAGE                          
                 WEL =     3976370.3394                   WEL =        1451.1696     WEL                              
                 GHB =     1191662.8360                   GHB =         161.6409     GHB                              
                RCHA =           0.0000                  RCHA =           0.0000     RCH                              
                 SFR =     8427968.3138                   SFR =         816.1984     SFR_1                            

           TOTAL OUT =    13832302.8066             TOTAL OUT =        2429.0089

            IN - OUT =      -26828.4033              IN - OUT =          -4.0415

 PERCENT DISCREPANCY =          -0.19     PERCENT DISCREPANCY =          -0.17




         TIME SUMMARY AT END OF TIME STEP    1 IN STRESS PERIOD   11
                    SECONDS     MINUTES      HOURS       DAYS        YEARS
                    -----------------------------------------------------------
   TIME STEP LENGTH 2.67840E+06  44640.      744.00      31.000     8.48734E-02
 STRESS PERIOD TIME 2.67840E+06  44640.      744.00      31.000     8.48734E-02
         TOTAL TIME 3.41928E+08 5.69880E+06  94980.      3957.5      10.835    


end timestep


start timestep kper="12" kstp="1" mode="normal"


 OUTPUT CONTROL FOR STRESS PERIOD 12 IS REPEATED USING SETTINGS FROM A PREVIOUS STRESS PERIOD.


 STRESS PERIOD 12 IS TRANSIENT


 OPENED freyberg6.wel_stress_period_data_12.txt
 FILE TYPE:OPEN/CLOSE   UNIT 1060   STATUS:OLD                 
 FORMAT:FORMATTED              ACCESS:SEQUENTIAL          
 ACTION:READ                

 ---------------------------------------------------
  WEL NO.    LAYER    ROW     COL     STRESS RATE   
 ---------------------------------------------------
     1         1      10      17    -270.328191     
     2         1      12      14    -315.292019     
     3         1      21      15    -276.265338     
     4         1      27      11    -315.658408     
     5         1      30       7    -325.631592     
     6         1      35      13    -318.058453     
     7         1      25       5    -621.865732     
 ---------------------------------------------------



 REUSING GHBS FROM LAST STRESS PERIOD

 OPENED freyberg6.rch_recharge_12.txt
 FILE TYPE:OPEN/CLOSE   UNIT 1061   STATUS:OLD                 
 FORMAT:FORMATTED              ACCESS:SEQUENTIAL          
 ACTION:READ                


 REUSING SFRS FROM LAST STRESS PERIOD
 UBDSV1 SAVING     FLOW-JA-FACE ON UNIT   1033 AT TIME STEP      1, STRESS PERIOD     12
 UBDSV06 SAVING              WEL IN MODEL FREYBERG6        PACKAGE FREYBERG6       CONNECTED TO MODEL FREYBERG6        PACKAGE WEL              ON UNIT   1033 AT TIME STEP      1, STRESS PERIOD     12
 UBDSV06 SAVING              GHB IN MODEL FREYBERG6        PACKAGE FREYBERG6       CONNECTED TO MODEL FREYBERG6        PACKAGE GHB              ON UNIT   1033 AT TIME STEP      1, STRESS PERIOD     12
 UBDSV06 SAVING             RCHA IN MODEL FREYBERG6        PACKAGE FREYBERG6       CONNECTED TO MODEL FREYBERG6        PACKAGE RCH              ON UNIT   1033 AT TIME STEP      1, STRESS PERIOD     12
 UBDSV06 SAVING              SFR IN MODEL FREYBERG6        PACKAGE FREYBERG6       CONNECTED TO MODEL FREYBERG6        PACKAGE SFR_1            ON UNIT   1033 AT TIME STEP      1, STRESS PERIOD     12

 WEL PACKAGE (WEL) FLOW RATES   PERIOD     12   STEP        1
 -----------------------------------------------
   NUMBER   CELLID                    RATE      
 -----------------------------------------------
     1      (1,10,17)            -270.32819     
     2      (1,12,14)            -315.29202     
     3      (1,21,15)            -276.26534     
     4      (1,27,11)            -315.65841     
     5      (1,30,7)             -325.63159     
     6      (1,35,13)            -318.05845     
     7      (1,25,5)             -621.86573     
 -----------------------------------------------




 GHB PACKAGE (GHB) FLOW RATES   PERIOD     12   STEP        1
 -----------------------------------------------
   NUMBER   CELLID                    RATE      
 -----------------------------------------------
     1      (1,40,6)             -15.083516     
     2      (1,40,7)             -18.662757     
     3      (1,40,8)             -21.532411     
     4      (1,40,9)             -12.833312     
     5      (1,40,10)            -11.322807     
     6      (1,40,11)            -11.065473     
     7      (1,40,12)            -11.190190     
     8      (1,40,13)            -15.948314     
     9      (1,40,14)            -10.044180     
     10     (1,40,15)            -7.8074464     
 -----------------------------------------------




 HEAD WILL BE SAVED ON UNIT 1034 AT END OF TIME STEP    1, STRESS PERIOD   12


  SFR_1 BUDGET FOR ENTIRE MODEL AT END OF TIME STEP    1, STRESS PERIOD  12
  ------------------------------------------------------------------------------

     CUMULATIVE SFR_1      L**3       RATES FOR THIS TIME STEP      L**3/T
     ------------------                 ------------------------

           IN:                                      IN:
           ---                                      ---
                 GWF =     8627891.0617                   GWF =         605.7375
            RAINFALL =           0.0000              RAINFALL =           0.0000
         EVAPORATION =           0.0000           EVAPORATION =           0.0000
              RUNOFF =           0.0000                RUNOFF =           0.0000
          EXT-INFLOW =     1934433.1319            EXT-INFLOW =         485.1243
         EXT-OUTFLOW =           0.0000           EXT-OUTFLOW =           0.0000
             STORAGE =           0.0000               STORAGE =           0.0000

            TOTAL IN =    10562324.1936              TOTAL IN =        1090.8618

          OUT:                                     OUT:
          ----                                     ----
                 GWF =         175.2345                   GWF =           5.8411
            RAINFALL =           0.0000              RAINFALL =           0.0000
         EVAPORATION =           0.0000           EVAPORATION =           0.0000
              RUNOFF =           0.0000                RUNOFF =           0.0000
          EXT-INFLOW =           0.0000            EXT-INFLOW =           0.0000
         EXT-OUTFLOW =    10562148.9591           EXT-OUTFLOW =        1085.0207
             STORAGE =           0.0000               STORAGE =           0.0000

           TOTAL OUT =    10562324.1936             TOTAL OUT =        1090.8618

            IN - OUT =      -9.3132E-09              IN - OUT =           0.0000

 PERCENT DISCREPANCY =          -0.00     PERCENT DISCREPANCY =           0.00



  VOLUME BUDGET FOR ENTIRE MODEL AT END OF TIME STEP    1, STRESS PERIOD  12
  ---------------------------------------------------------------------------------------------------

     CUMULATIVE VOLUME      L**3       RATES FOR THIS TIME STEP      L**3/T          PACKAGE NAME    
     ------------------                 ------------------------                     ----------------

           IN:                                      IN:
           ---                                      ---
              STO-SS =        2491.1766                STO-SS =           5.7811     STORAGE                          
              STO-SY =      875326.5952                STO-SY =        2115.8360     STORAGE                          
                 WEL =           0.0000                   WEL =           0.0000     WEL                              
                 GHB =           0.0000                   GHB =           0.0000     GHB                              
                RCHA =    13022559.6598                  RCHA =        1041.8172     RCH                              
                 SFR =         193.6973                   SFR =           6.4566     SFR_1                            

            TOTAL IN =    13900571.1289              TOTAL IN =        3169.8909

          OUT:                                     OUT:
          ----                                     ----
              STO-SS =         658.3708                STO-SS =           0.0000     STORAGE                          
              STO-SY =      235642.9467                STO-SY =           0.0000     STORAGE                          
                 WEL =     4049663.3314                   WEL =        2443.0997     WEL                              
                 GHB =     1195727.5482                   GHB =         135.4904     GHB                              
                RCHA =           0.0000                  RCHA =           0.0000     RCH                              
                 SFR =     8445807.1007                   SFR =         594.6262     SFR_1                            

           TOTAL OUT =    13927499.2977             TOTAL OUT =        3173.2164

            IN - OUT =      -26928.1689              IN - OUT =          -3.3255

 PERCENT DISCREPANCY =          -0.19     PERCENT DISCREPANCY =          -0.10




         TIME SUMMARY AT END OF TIME STEP    1 IN STRESS PERIOD   12
                    SECONDS     MINUTES      HOURS       DAYS        YEARS
                    -----------------------------------------------------------
   TIME STEP LENGTH 2.59200E+06  43200.      720.00      30.000     8.21355E-02
 STRESS PERIOD TIME 2.59200E+06  43200.      720.00      30.000     8.21355E-02
         TOTAL TIME 3.44520E+08 5.74200E+06  95700.      3987.5      10.917    


end timestep


start timestep kper="13" kstp="1" mode="normal"


 OUTPUT CONTROL FOR STRESS PERIOD 13 IS REPEATED USING SETTINGS FROM A PREVIOUS STRESS PERIOD.


 STRESS PERIOD 13 IS TRANSIENT


 OPENED freyberg6.wel_stress_period_data_13.txt
 FILE TYPE:OPEN/CLOSE   UNIT 1062   STATUS:OLD                 
 FORMAT:FORMATTED              ACCESS:SEQUENTIAL          
 ACTION:READ                

 ---------------------------------------------------
  WEL NO.    LAYER    ROW     COL     STRESS RATE   
 ---------------------------------------------------
     1         1      10      17    -305.637962     
     2         1      12      14    -347.668095     
     3         1      21      15    -323.458097     
     4         1      27      11    -383.513179     
     5         1      30       7    -295.921327     
     6         1      35      13    -264.115148     
     7         1      25       5    -551.369105     
 ---------------------------------------------------



 REUSING GHBS FROM LAST STRESS PERIOD

 OPENED freyberg6.rch_recharge_13.txt
 FILE TYPE:OPEN/CLOSE   UNIT 1063   STATUS:OLD                 
 FORMAT:FORMATTED              ACCESS:SEQUENTIAL          
 ACTION:READ                


 REUSING SFRS FROM LAST STRESS PERIOD
 UBDSV1 SAVING     FLOW-JA-FACE ON UNIT   1033 AT TIME STEP      1, STRESS PERIOD     13
 UBDSV06 SAVING              WEL IN MODEL FREYBERG6        PACKAGE FREYBERG6       CONNECTED TO MODEL FREYBERG6        PACKAGE WEL              ON UNIT   1033 AT TIME STEP      1, STRESS PERIOD     13
 UBDSV06 SAVING              GHB IN MODEL FREYBERG6        PACKAGE FREYBERG6       CONNECTED TO MODEL FREYBERG6        PACKAGE GHB              ON UNIT   1033 AT TIME STEP      1, STRESS PERIOD     13
 UBDSV06 SAVING             RCHA IN MODEL FREYBERG6        PACKAGE FREYBERG6       CONNECTED TO MODEL FREYBERG6        PACKAGE RCH              ON UNIT   1033 AT TIME STEP      1, STRESS PERIOD     13
 UBDSV06 SAVING              SFR IN MODEL FREYBERG6        PACKAGE FREYBERG6       CONNECTED TO MODEL FREYBERG6        PACKAGE SFR_1            ON UNIT   1033 AT TIME STEP      1, STRESS PERIOD     13

 WEL PACKAGE (WEL) FLOW RATES   PERIOD     13   STEP        1
 -----------------------------------------------
   NUMBER   CELLID                    RATE      
 -----------------------------------------------
     1      (1,10,17)            -305.63796     
     2      (1,12,14)            -347.66809     
     3      (1,21,15)            -323.45810     
     4      (1,27,11)            -383.51318     
     5      (1,30,7)             -295.92133     
     6      (1,35,13)            -264.11515     
     7      (1,25,5)             -551.36910     
 -----------------------------------------------




 GHB PACKAGE (GHB) FLOW RATES   PERIOD     13   STEP        1
 -----------------------------------------------
   NUMBER   CELLID                    RATE      
 -----------------------------------------------
     1      (1,40,6)             -14.151820     
     2      (1,40,7)             -17.936839     
     3      (1,40,8)             -20.893926     
     4      (1,40,9)             -12.405848     
     5      (1,40,10)            -11.090395     
     6      (1,40,11)            -11.057422     
     7      (1,40,12)            -11.352301     
     8      (1,40,13)            -16.255417     
     9      (1,40,14)            -10.496883     
     10     (1,40,15)            -8.3047241     
 -----------------------------------------------




 HEAD WILL BE SAVED ON UNIT 1034 AT END OF TIME STEP    1, STRESS PERIOD   13


  SFR_1 BUDGET FOR ENTIRE MODEL AT END OF TIME STEP    1, STRESS PERIOD  13
  ------------------------------------------------------------------------------

     CUMULATIVE SFR_1      L**3       RATES FOR THIS TIME STEP      L**3/T
     ------------------                 ------------------------

           IN:                                      IN:
           ---                                      ---
                 GWF =     8645767.2704                   GWF =         576.6519
            RAINFALL =           0.0000              RAINFALL =           0.0000
         EVAPORATION =           0.0000           EVAPORATION =           0.0000
              RUNOFF =           0.0000                RUNOFF =           0.0000
          EXT-INFLOW =     1949471.9851            EXT-INFLOW =         485.1243
         EXT-OUTFLOW =           0.0000           EXT-OUTFLOW =           0.0000
             STORAGE =           0.0000               STORAGE =           0.0000

            TOTAL IN =    10595239.2554              TOTAL IN =        1061.7762

          OUT:                                     OUT:
          ----                                     ----
                 GWF =         780.7216                   GWF =          19.5318
            RAINFALL =           0.0000              RAINFALL =           0.0000
         EVAPORATION =           0.0000           EVAPORATION =           0.0000
              RUNOFF =           0.0000                RUNOFF =           0.0000
          EXT-INFLOW =           0.0000            EXT-INFLOW =           0.0000
         EXT-OUTFLOW =    10594458.5338           EXT-OUTFLOW =        1042.2443
             STORAGE =           0.0000               STORAGE =           0.0000

           TOTAL OUT =    10595239.2554             TOTAL OUT =        1061.7762

            IN - OUT =      -9.3132E-09              IN - OUT =           0.0000

 PERCENT DISCREPANCY =          -0.00     PERCENT DISCREPANCY =           0.00



  VOLUME BUDGET FOR ENTIRE MODEL AT END OF TIME STEP    1, STRESS PERIOD  13
  ---------------------------------------------------------------------------------------------------

     CUMULATIVE VOLUME      L**3       RATES FOR THIS TIME STEP      L**3/T          PACKAGE NAME    
     ------------------                 ------------------------                     ----------------

           IN:                                      IN:
           ---                                      ---
              STO-SS =        2570.2904                STO-SS =           2.5521     STORAGE                          
              STO-SY =      904836.9816                STO-SY =         951.9479     STORAGE                          
                 WEL =           0.0000                   WEL =           0.0000     WEL                              
                 GHB =           0.0000                   GHB =           0.0000     GHB                              
                RCHA =    13091699.1472                  RCHA =        2230.3060     RCH                              
                 SFR =         807.7876                   SFR =          19.8094     SFR_1                            

            TOTAL IN =    13999914.2067              TOTAL IN =        3204.6154

          OUT:                                     OUT:
          ----                                     ----
              STO-SS =         660.7045                STO-SS =       7.5281E-02     STORAGE                          
              STO-SY =      236472.7711                STO-SY =          26.7685     STORAGE                          
                 WEL =     4126285.5016                   WEL =        2471.6829     WEL                              
                 GHB =     1199879.8611                   GHB =         133.9456     GHB                              
                RCHA =           0.0000                  RCHA =           0.0000     RCH                              
                 SFR =     8463589.4840                   SFR =         573.6253     SFR_1                            

           TOTAL OUT =    14026888.3223             TOTAL OUT =        3206.0976

            IN - OUT =      -26974.1155              IN - OUT =          -1.4822

 PERCENT DISCREPANCY =          -0.19     PERCENT DISCREPANCY =          -0.05




         TIME SUMMARY AT END OF TIME STEP    1 IN STRESS PERIOD   13
                    SECONDS     MINUTES      HOURS       DAYS        YEARS
                    -----------------------------------------------------------
   TIME STEP LENGTH 2.67840E+06  44640.      744.00      31.000     8.48734E-02
 STRESS PERIOD TIME 2.67840E+06  44640.      744.00      31.000     8.48734E-02
         TOTAL TIME 3.47198E+08 5.78664E+06  96444.      4018.5      11.002    


end timestep


start timestep kper="14" kstp="1" mode="normal"


 OUTPUT CONTROL FOR STRESS PERIOD 14 IS REPEATED USING SETTINGS FROM A PREVIOUS STRESS PERIOD.


 STRESS PERIOD 14 IS TRANSIENT


 OPENED freyberg6.wel_stress_period_data_14.txt
 FILE TYPE:OPEN/CLOSE   UNIT 1064   STATUS:OLD                 
 FORMAT:FORMATTED              ACCESS:SEQUENTIAL          
 ACTION:READ                

 ---------------------------------------------------
  WEL NO.    LAYER    ROW     COL     STRESS RATE   
 ---------------------------------------------------
     1         1      10      17    -372.084020     
     2         1      12      14    -269.998877     
     3         1      21      15    -360.958004     
     4         1      27      11    -313.854767     
     5         1      30       7    -302.145346     
     6         1      35      13    -278.371148     
     7         1      25       5    -529.355486     
 ---------------------------------------------------



 REUSING GHBS FROM LAST STRESS PERIOD

 OPENED freyberg6.rch_recharge_14.txt
 FILE TYPE:OPEN/CLOSE   UNIT 1065   STATUS:OLD                 
 FORMAT:FORMATTED              ACCESS:SEQUENTIAL          
 ACTION:READ                


 REUSING SFRS FROM LAST STRESS PERIOD
 UBDSV1 SAVING     FLOW-JA-FACE ON UNIT   1033 AT TIME STEP      1, STRESS PERIOD     14
 UBDSV06 SAVING              WEL IN MODEL FREYBERG6        PACKAGE FREYBERG6       CONNECTED TO MODEL FREYBERG6        PACKAGE WEL              ON UNIT   1033 AT TIME STEP      1, STRESS PERIOD     14
 UBDSV06 SAVING              GHB IN MODEL FREYBERG6        PACKAGE FREYBERG6       CONNECTED TO MODEL FREYBERG6        PACKAGE GHB              ON UNIT   1033 AT TIME STEP      1, STRESS PERIOD     14
 UBDSV06 SAVING             RCHA IN MODEL FREYBERG6        PACKAGE FREYBERG6       CONNECTED TO MODEL FREYBERG6        PACKAGE RCH              ON UNIT   1033 AT TIME STEP      1, STRESS PERIOD     14
 UBDSV06 SAVING              SFR IN MODEL FREYBERG6        PACKAGE FREYBERG6       CONNECTED TO MODEL FREYBERG6        PACKAGE SFR_1            ON UNIT   1033 AT TIME STEP      1, STRESS PERIOD     14

 WEL PACKAGE (WEL) FLOW RATES   PERIOD     14   STEP        1
 -----------------------------------------------
   NUMBER   CELLID                    RATE      
 -----------------------------------------------
     1      (1,10,17)            -372.08402     
     2      (1,12,14)            -269.99888     
     3      (1,21,15)            -360.95800     
     4      (1,27,11)            -313.85477     
     5      (1,30,7)             -302.14535     
     6      (1,35,13)            -278.37115     
     7      (1,25,5)             -529.35549     
 -----------------------------------------------




 GHB PACKAGE (GHB) FLOW RATES   PERIOD     14   STEP        1
 -----------------------------------------------
   NUMBER   CELLID                    RATE      
 -----------------------------------------------
     1      (1,40,6)             -15.709944     
     2      (1,40,7)             -19.379661     
     3      (1,40,8)             -22.646929     
     4      (1,40,9)             -14.285345     
     5      (1,40,10)            -13.244817     
     6      (1,40,11)            -13.090495     
     7      (1,40,12)            -13.292814     
     8      (1,40,13)            -18.203574     
     9      (1,40,14)            -12.632469     
     10     (1,40,15)            -10.299706     
 -----------------------------------------------




 HEAD WILL BE SAVED ON UNIT 1034 AT END OF TIME STEP    1, STRESS PERIOD   14


  SFR_1 BUDGET FOR ENTIRE MODEL AT END OF TIME STEP    1, STRESS PERIOD  14
  ------------------------------------------------------------------------------

     CUMULATIVE SFR_1      L**3       RATES FOR THIS TIME STEP      L**3/T
     ------------------                 ------------------------

           IN:                                      IN:
           ---                                      ---
                 GWF =     8668589.6093                   GWF =         736.2045
            RAINFALL =           0.0000              RAINFALL =           0.0000
         EVAPORATION =           0.0000           EVAPORATION =           0.0000
              RUNOFF =           0.0000                RUNOFF =           0.0000
          EXT-INFLOW =     1964510.8383            EXT-INFLOW =         485.1243
         EXT-OUTFLOW =           0.0000           EXT-OUTFLOW =           0.0000
             STORAGE =           0.0000               STORAGE =           0.0000

            TOTAL IN =    10633100.4475              TOTAL IN =        1221.3288

          OUT:                                     OUT:
          ----                                     ----
                 GWF =        1140.9491                   GWF =          11.6202
            RAINFALL =           0.0000              RAINFALL =           0.0000
         EVAPORATION =           0.0000           EVAPORATION =           0.0000
              RUNOFF =           0.0000                RUNOFF =           0.0000
          EXT-INFLOW =           0.0000            EXT-INFLOW =           0.0000
         EXT-OUTFLOW =    10631959.4984           EXT-OUTFLOW =        1209.7085
             STORAGE =           0.0000               STORAGE =           0.0000

           TOTAL OUT =    10633100.4475             TOTAL OUT =        1221.3288

            IN - OUT =      -9.3132E-09              IN - OUT =       4.5475E-13

 PERCENT DISCREPANCY =          -0.00     PERCENT DISCREPANCY =           0.00



  VOLUME BUDGET FOR ENTIRE MODEL AT END OF TIME STEP    1, STRESS PERIOD  14
  ---------------------------------------------------------------------------------------------------

     CUMULATIVE VOLUME      L**3       RATES FOR THIS TIME STEP      L**3/T          PACKAGE NAME    
     ------------------                 ------------------------                     ----------------

           IN:                                      IN:
           ---                                      ---
              STO-SS =        2584.5019                STO-SS =           0.4584     STORAGE                          
              STO-SY =      910330.8064                STO-SY =         177.2202     STORAGE                          
                 WEL =           0.0000                   WEL =           0.0000     WEL                              
                 GHB =           0.0000                   GHB =           0.0000     GHB                              
                RCHA =    13203916.3051                  RCHA =        3619.9083     RCH                              
                 SFR =        1151.6962                   SFR =          11.0938     SFR_1                            

            TOTAL IN =    14117983.3096              TOTAL IN =        3808.6807

          OUT:                                     OUT:
          ----                                     ----
              STO-SS =         702.7091                STO-SS =           1.3550     STORAGE                          
              STO-SY =      251306.2575                STO-SY =         478.4996     STORAGE                          
                 WEL =     4201515.2987                   WEL =        2426.7676     WEL                              
                 GHB =     1204616.2195                   GHB =         152.7858     GHB                              
                RCHA =           0.0000                  RCHA =           0.0000     RCH                              
                 SFR =     8486740.2665                   SFR =         746.7994     SFR_1                            

           TOTAL OUT =    14144880.7513             TOTAL OUT =        3806.2074

            IN - OUT =      -26897.4417              IN - OUT =           2.4734

 PERCENT DISCREPANCY =          -0.19     PERCENT DISCREPANCY =           0.06




         TIME SUMMARY AT END OF TIME STEP    1 IN STRESS PERIOD   14
                    SECONDS     MINUTES      HOURS       DAYS        YEARS
                    -----------------------------------------------------------
   TIME STEP LENGTH 2.67840E+06  44640.      744.00      31.000     8.48734E-02
 STRESS PERIOD TIME 2.67840E+06  44640.      744.00      31.000     8.48734E-02
         TOTAL TIME 3.49877E+08 5.83128E+06  97188.      4049.5      11.087    


end timestep


start timestep kper="15" kstp="1" mode="normal"


 OUTPUT CONTROL FOR STRESS PERIOD 15 IS REPEATED USING SETTINGS FROM A PREVIOUS STRESS PERIOD.


 STRESS PERIOD 15 IS TRANSIENT


 OPENED freyberg6.wel_stress_period_data_15.txt
 FILE TYPE:OPEN/CLOSE   UNIT 1066   STATUS:OLD                 
 FORMAT:FORMATTED              ACCESS:SEQUENTIAL          
 ACTION:READ                

 ---------------------------------------------------
  WEL NO.    LAYER    ROW     COL     STRESS RATE   
 ---------------------------------------------------
     1         1      10      17    -301.352899     
     2         1      12      14    -279.181076     
     3         1      21      15    -293.464803     
     4         1      27      11    -319.017819     
     5         1      30       7    -316.017045     
     6         1      35      13    -277.835627     
     7         1      25       5    -611.013538     
 ---------------------------------------------------



 REUSING GHBS FROM LAST STRESS PERIOD

 OPENED freyberg6.rch_recharge_15.txt
 FILE TYPE:OPEN/CLOSE   UNIT 1067   STATUS:OLD                 
 FORMAT:FORMATTED              ACCESS:SEQUENTIAL          
 ACTION:READ                


 REUSING SFRS FROM LAST STRESS PERIOD
 UBDSV1 SAVING     FLOW-JA-FACE ON UNIT   1033 AT TIME STEP      1, STRESS PERIOD     15
 UBDSV06 SAVING              WEL IN MODEL FREYBERG6        PACKAGE FREYBERG6       CONNECTED TO MODEL FREYBERG6        PACKAGE WEL              ON UNIT   1033 AT TIME STEP      1, STRESS PERIOD     15
 UBDSV06 SAVING              GHB IN MODEL FREYBERG6        PACKAGE FREYBERG6       CONNECTED TO MODEL FREYBERG6        PACKAGE GHB              ON UNIT   1033 AT TIME STEP      1, STRESS PERIOD     15
 UBDSV06 SAVING             RCHA IN MODEL FREYBERG6        PACKAGE FREYBERG6       CONNECTED TO MODEL FREYBERG6        PACKAGE RCH              ON UNIT   1033 AT TIME STEP      1, STRESS PERIOD     15
 UBDSV06 SAVING              SFR IN MODEL FREYBERG6        PACKAGE FREYBERG6       CONNECTED TO MODEL FREYBERG6        PACKAGE SFR_1            ON UNIT   1033 AT TIME STEP      1, STRESS PERIOD     15

 WEL PACKAGE (WEL) FLOW RATES   PERIOD     15   STEP        1
 -----------------------------------------------
   NUMBER   CELLID                    RATE      
 -----------------------------------------------
     1      (1,10,17)            -301.35290     
     2      (1,12,14)            -279.18108     
     3      (1,21,15)            -293.46480     
     4      (1,27,11)            -319.01782     
     5      (1,30,7)             -316.01704     
     6      (1,35,13)            -277.83563     
     7      (1,25,5)             -611.01354     
 -----------------------------------------------




 GHB PACKAGE (GHB) FLOW RATES   PERIOD     15   STEP        1
 -----------------------------------------------
   NUMBER   CELLID                    RATE      
 -----------------------------------------------
     1      (1,40,6)             -19.716091     
     2      (1,40,7)             -22.953027     
     3      (1,40,8)             -26.748851     
     4      (1,40,9)             -18.435512     
     5      (1,40,10)            -17.760677     
     6      (1,40,11)            -17.158166     
     7      (1,40,12)            -17.017227     
     8      (1,40,13)            -21.796906     
     9      (1,40,14)            -16.440982     
     10     (1,40,15)            -13.764051     
 -----------------------------------------------




 HEAD WILL BE SAVED ON UNIT 1034 AT END OF TIME STEP    1, STRESS PERIOD   15


  SFR_1 BUDGET FOR ENTIRE MODEL AT END OF TIME STEP    1, STRESS PERIOD  15
  ------------------------------------------------------------------------------

     CUMULATIVE SFR_1      L**3       RATES FOR THIS TIME STEP      L**3/T
     ------------------                 ------------------------

           IN:                                      IN:
           ---                                      ---
                 GWF =     8700658.6176                   GWF =        1145.3217
            RAINFALL =           0.0000              RAINFALL =           0.0000
         EVAPORATION =           0.0000           EVAPORATION =           0.0000
              RUNOFF =           0.0000                RUNOFF =           0.0000
          EXT-INFLOW =     1978094.3186            EXT-INFLOW =         485.1243
         EXT-OUTFLOW =           0.0000           EXT-OUTFLOW =           0.0000
             STORAGE =           0.0000               STORAGE =           0.0000

            TOTAL IN =    10678752.9362              TOTAL IN =        1630.4460

          OUT:                                     OUT:
          ----                                     ----
                 GWF =        1140.9491                   GWF =           0.0000
            RAINFALL =           0.0000              RAINFALL =           0.0000
         EVAPORATION =           0.0000           EVAPORATION =           0.0000
              RUNOFF =           0.0000                RUNOFF =           0.0000
          EXT-INFLOW =           0.0000            EXT-INFLOW =           0.0000
         EXT-OUTFLOW =    10677611.9871           EXT-OUTFLOW =        1630.4460
             STORAGE =           0.0000               STORAGE =           0.0000

           TOTAL OUT =    10678752.9362             TOTAL OUT =        1630.4460

            IN - OUT =      -9.3132E-09              IN - OUT =       6.8212E-13

 PERCENT DISCREPANCY =          -0.00     PERCENT DISCREPANCY =           0.00



  VOLUME BUDGET FOR ENTIRE MODEL AT END OF TIME STEP    1, STRESS PERIOD  15
  ---------------------------------------------------------------------------------------------------

     CUMULATIVE VOLUME      L**3       RATES FOR THIS TIME STEP      L**3/T          PACKAGE NAME    
     ------------------                 ------------------------                     ----------------

           IN:                                      IN:
           ---                                      ---
              STO-SS =        2584.8318                STO-SS =       1.1783E-02     STORAGE                          
              STO-SY =      910452.1487                STO-SY =           4.3337     STORAGE                          
                 WEL =           0.0000                   WEL =           0.0000     WEL                              
                 GHB =           0.0000                   GHB =           0.0000     GHB                              
                RCHA =    13352331.2185                  RCHA =        5300.5326     RCH                              
                 SFR =        1151.6962                   SFR =           0.0000     SFR_1                            

            TOTAL IN =    14266519.8952              TOTAL IN =        5304.8781

          OUT:                                     OUT:
          ----                                     ----
              STO-SS =         823.0216                STO-SS =           4.2969     STORAGE                          
              STO-SY =      294339.0926                STO-SY =        1536.8870     STORAGE                          
                 WEL =     4268656.0173                   WEL =        2397.8828     WEL                              
                 GHB =     1209986.3812                   GHB =         191.7915     GHB                              
                RCHA =           0.0000                  RCHA =           0.0000     RCH                              
                 SFR =     8519480.2396                   SFR =        1169.2848     SFR_1                            

           TOTAL OUT =    14293284.7523             TOTAL OUT =        5300.1429

            IN - OUT =      -26764.8571              IN - OUT =           4.7352

 PERCENT DISCREPANCY =          -0.19     PERCENT DISCREPANCY =           0.09




         TIME SUMMARY AT END OF TIME STEP    1 IN STRESS PERIOD   15
                    SECONDS     MINUTES      HOURS       DAYS        YEARS
                    -----------------------------------------------------------
   TIME STEP LENGTH 2.41920E+06  40320.      672.00      28.000     7.66598E-02
 STRESS PERIOD TIME 2.41920E+06  40320.      672.00      28.000     7.66598E-02
         TOTAL TIME 3.52296E+08 5.87160E+06  97860.      4077.5      11.164    


end timestep


start timestep kper="16" kstp="1" mode="normal"


 OUTPUT CONTROL FOR STRESS PERIOD 16 IS REPEATED USING SETTINGS FROM A PREVIOUS STRESS PERIOD.


 STRESS PERIOD 16 IS TRANSIENT


 OPENED freyberg6.wel_stress_period_data_16.txt
 FILE TYPE:OPEN/CLOSE   UNIT 1068   STATUS:OLD                 
 FORMAT:FORMATTED              ACCESS:SEQUENTIAL          
 ACTION:READ                

 ---------------------------------------------------
  WEL NO.    LAYER    ROW     COL     STRESS RATE   
 ---------------------------------------------------
     1         1      10      17    -256.295114     
     2         1      12      14    -287.180159     
     3         1      21      15    -273.514579     
     4         1      27      11    -288.243425     
     5         1      30       7    -290.776376     
     6         1      35      13    -235.723478     
     7         1      25       5    -424.873025     
 ---------------------------------------------------



 REUSING GHBS FROM LAST STRESS PERIOD

 OPENED freyberg6.rch_recharge_16.txt
 FILE TYPE:OPEN/CLOSE   UNIT 1069   STATUS:OLD                 
 FORMAT:FORMATTED              ACCESS:SEQUENTIAL          
 ACTION:READ                


 REUSING SFRS FROM LAST STRESS PERIOD
 UBDSV1 SAVING     FLOW-JA-FACE ON UNIT   1033 AT TIME STEP      1, STRESS PERIOD     16
 UBDSV06 SAVING              WEL IN MODEL FREYBERG6        PACKAGE FREYBERG6       CONNECTED TO MODEL FREYBERG6        PACKAGE WEL              ON UNIT   1033 AT TIME STEP      1, STRESS PERIOD     16
 UBDSV06 SAVING              GHB IN MODEL FREYBERG6        PACKAGE FREYBERG6       CONNECTED TO MODEL FREYBERG6        PACKAGE GHB              ON UNIT   1033 AT TIME STEP      1, STRESS PERIOD     16
 UBDSV06 SAVING             RCHA IN MODEL FREYBERG6        PACKAGE FREYBERG6       CONNECTED TO MODEL FREYBERG6        PACKAGE RCH              ON UNIT   1033 AT TIME STEP      1, STRESS PERIOD     16
 UBDSV06 SAVING              SFR IN MODEL FREYBERG6        PACKAGE FREYBERG6       CONNECTED TO MODEL FREYBERG6        PACKAGE SFR_1            ON UNIT   1033 AT TIME STEP      1, STRESS PERIOD     16

 WEL PACKAGE (WEL) FLOW RATES   PERIOD     16   STEP        1
 -----------------------------------------------
   NUMBER   CELLID                    RATE      
 -----------------------------------------------
     1      (1,10,17)            -256.29511     
     2      (1,12,14)            -287.18016     
     3      (1,21,15)            -273.51458     
     4      (1,27,11)            -288.24343     
     5      (1,30,7)             -290.77638     
     6      (1,35,13)            -235.72348     
     7      (1,25,5)             -424.87303     
 -----------------------------------------------




 GHB PACKAGE (GHB) FLOW RATES   PERIOD     16   STEP        1
 -----------------------------------------------
   NUMBER   CELLID                    RATE      
 -----------------------------------------------
     1      (1,40,6)             -24.944001     
     2      (1,40,7)             -27.577925     
     3      (1,40,8)             -31.997884     
     4      (1,40,9)             -23.693781     
     5      (1,40,10)            -23.442679     
     6      (1,40,11)            -22.241210     
     7      (1,40,12)            -21.628161     
     8      (1,40,13)            -26.175999     
     9      (1,40,14)            -20.987558     
     10     (1,40,15)            -17.795430     
 -----------------------------------------------




 HEAD WILL BE SAVED ON UNIT 1034 AT END OF TIME STEP    1, STRESS PERIOD   16


  SFR_1 BUDGET FOR ENTIRE MODEL AT END OF TIME STEP    1, STRESS PERIOD  16
  ------------------------------------------------------------------------------

     CUMULATIVE SFR_1      L**3       RATES FOR THIS TIME STEP      L**3/T
     ------------------                 ------------------------

           IN:                                      IN:
           ---                                      ---
                 GWF =     8752094.2756                   GWF =        1659.2148
            RAINFALL =           0.0000              RAINFALL =           0.0000
         EVAPORATION =           0.0000           EVAPORATION =           0.0000
              RUNOFF =           0.0000                RUNOFF =           0.0000
          EXT-INFLOW =     1993133.1717            EXT-INFLOW =         485.1243
         EXT-OUTFLOW =           0.0000           EXT-OUTFLOW =           0.0000
             STORAGE =           0.0000               STORAGE =           0.0000

            TOTAL IN =    10745227.4473              TOTAL IN =        2144.3391

          OUT:                                     OUT:
          ----                                     ----
                 GWF =        1140.9491                   GWF =           0.0000
            RAINFALL =           0.0000              RAINFALL =           0.0000
         EVAPORATION =           0.0000           EVAPORATION =           0.0000
              RUNOFF =           0.0000                RUNOFF =           0.0000
          EXT-INFLOW =           0.0000            EXT-INFLOW =           0.0000
         EXT-OUTFLOW =    10744086.4982           EXT-OUTFLOW =        2144.3391
             STORAGE =           0.0000               STORAGE =           0.0000

           TOTAL OUT =    10745227.4473             TOTAL OUT =        2144.3391

            IN - OUT =      -1.1176E-08              IN - OUT =           0.0000

 PERCENT DISCREPANCY =          -0.00     PERCENT DISCREPANCY =           0.00



  VOLUME BUDGET FOR ENTIRE MODEL AT END OF TIME STEP    1, STRESS PERIOD  16
  ---------------------------------------------------------------------------------------------------

     CUMULATIVE VOLUME      L**3       RATES FOR THIS TIME STEP      L**3/T          PACKAGE NAME    
     ------------------                 ------------------------                     ----------------

           IN:                                      IN:
           ---                                      ---
              STO-SS =        2584.8318                STO-SS =           0.0000     STORAGE                          
              STO-SY =      910452.1487                STO-SY =           0.0000     STORAGE                          
                 WEL =           0.0000                   WEL =           0.0000     WEL                              
                 GHB =           0.0000                   GHB =           0.0000     GHB                              
                RCHA =    13543853.4942                  RCHA =        6178.1379     RCH                              
                 SFR =        1151.6962                   SFR =           0.0000     SFR_1                            

            TOTAL IN =    14458042.1709              TOTAL IN =        6178.1379

          OUT:                                     OUT:
          ----                                     ----
              STO-SS =        1011.1214                STO-SS =           6.0677     STORAGE                          
              STO-SY =      362096.2166                STO-SY =        2185.7137     STORAGE                          
                 WEL =     4332410.8082                   WEL =        2056.6062     WEL                              
                 GHB =     1217441.4046                   GHB =         240.4846     GHB                              
                RCHA =           0.0000                  RCHA =           0.0000     RCH                              
                 SFR =     8571703.2724                   SFR =        1684.6140     SFR_1                            

           TOTAL OUT =    14484662.8233             TOTAL OUT =        6173.4862

            IN - OUT =      -26620.6524              IN - OUT =           4.6518

 PERCENT DISCREPANCY =          -0.18     PERCENT DISCREPANCY =           0.08




         TIME SUMMARY AT END OF TIME STEP    1 IN STRESS PERIOD   16
                    SECONDS     MINUTES      HOURS       DAYS        YEARS
                    -----------------------------------------------------------
   TIME STEP LENGTH 2.67840E+06  44640.      744.00      31.000     8.48734E-02
 STRESS PERIOD TIME 2.67840E+06  44640.      744.00      31.000     8.48734E-02
         TOTAL TIME 3.54974E+08 5.91624E+06  98604.      4108.5      11.248    


end timestep


start timestep kper="17" kstp="1" mode="normal"


 OUTPUT CONTROL FOR STRESS PERIOD 17 IS REPEATED USING SETTINGS FROM A PREVIOUS STRESS PERIOD.


 STRESS PERIOD 17 IS TRANSIENT


 OPENED freyberg6.wel_stress_period_data_17.txt
 FILE TYPE:OPEN/CLOSE   UNIT 1070   STATUS:OLD                 
 FORMAT:FORMATTED              ACCESS:SEQUENTIAL          
 ACTION:READ                

 ---------------------------------------------------
  WEL NO.    LAYER    ROW     COL     STRESS RATE   
 ---------------------------------------------------
     1         1      10      17    -231.628992     
     2         1      12      14    -217.450034     
     3         1      21      15    -248.642432     
     4         1      27      11    -230.942328     
     5         1      30       7    -267.631482     
     6         1      35      13    -239.537959     
     7         1      25       5    -424.643788     
 ---------------------------------------------------



 REUSING GHBS FROM LAST STRESS PERIOD

 OPENED freyberg6.rch_recharge_17.txt
 FILE TYPE:OPEN/CLOSE   UNIT 1071   STATUS:OLD                 
 FORMAT:FORMATTED              ACCESS:SEQUENTIAL          
 ACTION:READ                


 REUSING SFRS FROM LAST STRESS PERIOD
 UBDSV1 SAVING     FLOW-JA-FACE ON UNIT   1033 AT TIME STEP      1, STRESS PERIOD     17
 UBDSV06 SAVING              WEL IN MODEL FREYBERG6        PACKAGE FREYBERG6       CONNECTED TO MODEL FREYBERG6        PACKAGE WEL              ON UNIT   1033 AT TIME STEP      1, STRESS PERIOD     17
 UBDSV06 SAVING              GHB IN MODEL FREYBERG6        PACKAGE FREYBERG6       CONNECTED TO MODEL FREYBERG6        PACKAGE GHB              ON UNIT   1033 AT TIME STEP      1, STRESS PERIOD     17
 UBDSV06 SAVING             RCHA IN MODEL FREYBERG6        PACKAGE FREYBERG6       CONNECTED TO MODEL FREYBERG6        PACKAGE RCH              ON UNIT   1033 AT TIME STEP      1, STRESS PERIOD     17
 UBDSV06 SAVING              SFR IN MODEL FREYBERG6        PACKAGE FREYBERG6       CONNECTED TO MODEL FREYBERG6        PACKAGE SFR_1            ON UNIT   1033 AT TIME STEP      1, STRESS PERIOD     17

 WEL PACKAGE (WEL) FLOW RATES   PERIOD     17   STEP        1
 -----------------------------------------------
   NUMBER   CELLID                    RATE      
 -----------------------------------------------
     1      (1,10,17)            -231.62899     
     2      (1,12,14)            -217.45003     
     3      (1,21,15)            -248.64243     
     4      (1,27,11)            -230.94233     
     5      (1,30,7)             -267.63148     
     6      (1,35,13)            -239.53796     
     7      (1,25,5)             -424.64379     
 -----------------------------------------------




 GHB PACKAGE (GHB) FLOW RATES   PERIOD     17   STEP        1
 -----------------------------------------------
   NUMBER   CELLID                    RATE      
 -----------------------------------------------
     1      (1,40,6)             -28.543916     
     2      (1,40,7)             -30.727628     
     3      (1,40,8)             -35.508390     
     4      (1,40,9)             -27.138445     
     5      (1,40,10)            -27.088764     
     6      (1,40,11)            -25.434261     
     7      (1,40,12)            -24.463813     
     8      (1,40,13)            -28.810951     
     9      (1,40,14)            -23.670702     
     10     (1,40,15)            -20.132781     
 -----------------------------------------------




 HEAD WILL BE SAVED ON UNIT 1034 AT END OF TIME STEP    1, STRESS PERIOD   17


  SFR_1 BUDGET FOR ENTIRE MODEL AT END OF TIME STEP    1, STRESS PERIOD  17
  ------------------------------------------------------------------------------

     CUMULATIVE SFR_1      L**3       RATES FOR THIS TIME STEP      L**3/T
     ------------------                 ------------------------

           IN:                                      IN:
           ---                                      ---
                 GWF =     8812974.5178                   GWF =        2029.3414
            RAINFALL =           0.0000              RAINFALL =           0.0000
         EVAPORATION =           0.0000           EVAPORATION =           0.0000
              RUNOFF =           0.0000                RUNOFF =           0.0000
          EXT-INFLOW =     2007686.9006            EXT-INFLOW =         485.1243
         EXT-OUTFLOW =           0.0000           EXT-OUTFLOW =           0.0000
             STORAGE =           0.0000               STORAGE =           0.0000

            TOTAL IN =    10820661.4185              TOTAL IN =        2514.4657

          OUT:                                     OUT:
          ----                                     ----
                 GWF =        1140.9491                   GWF =           0.0000
            RAINFALL =           0.0000              RAINFALL =           0.0000
         EVAPORATION =           0.0000           EVAPORATION =           0.0000
              RUNOFF =           0.0000                RUNOFF =           0.0000
          EXT-INFLOW =           0.0000            EXT-INFLOW =           0.0000
         EXT-OUTFLOW =    10819520.4694           EXT-OUTFLOW =        2514.4657
             STORAGE =           0.0000               STORAGE =           0.0000

           TOTAL OUT =    10820661.4185             TOTAL OUT =        2514.4657

            IN - OUT =      -9.3132E-09              IN - OUT =       9.0949E-13

 PERCENT DISCREPANCY =          -0.00     PERCENT DISCREPANCY =           0.00



  VOLUME BUDGET FOR ENTIRE MODEL AT END OF TIME STEP    1, STRESS PERIOD  17
  ---------------------------------------------------------------------------------------------------

     CUMULATIVE VOLUME      L**3       RATES FOR THIS TIME STEP      L**3/T          PACKAGE NAME    
     ------------------                 ------------------------                     ----------------

           IN:                                      IN:
           ---                                      ---
              STO-SS =        2584.8318                STO-SS =           0.0000     STORAGE                          
              STO-SY =      910452.1487                STO-SY =           0.0000     STORAGE                          
                 WEL =           0.0000                   WEL =           0.0000     WEL                              
                 GHB =           0.0000                   GHB =           0.0000     GHB                              
                RCHA =    13722599.5868                  RCHA =        5958.2031     RCH                              
                 SFR =        1151.6962                   SFR =           0.0000     SFR_1                            

            TOTAL IN =    14636788.2635              TOTAL IN =        5958.2031

          OUT:                                     OUT:
          ----                                     ----
              STO-SS =        1158.7034                STO-SS =           4.9194     STORAGE                          
              STO-SY =      415247.5469                STO-SY =        1771.7110     STORAGE                          
                 WEL =     4388225.1187                   WEL =        1860.4770     WEL                              
                 GHB =     1225586.9941                   GHB =         271.5196     GHB                              
                RCHA =           0.0000                  RCHA =           0.0000     RCH                              
                 SFR =     8633089.5905                   SFR =        2046.2106     SFR_1                            

           TOTAL OUT =    14663307.9536             TOTAL OUT =        5954.8377

            IN - OUT =      -26519.6900              IN - OUT =           3.3654

 PERCENT DISCREPANCY =          -0.18     PERCENT DISCREPANCY =           0.06




         TIME SUMMARY AT END OF TIME STEP    1 IN STRESS PERIOD   17
                    SECONDS     MINUTES      HOURS       DAYS        YEARS
                    -----------------------------------------------------------
   TIME STEP LENGTH 2.59200E+06  43200.      720.00      30.000     8.21355E-02
 STRESS PERIOD TIME 2.59200E+06  43200.      720.00      30.000     8.21355E-02
         TOTAL TIME 3.57566E+08 5.95944E+06  99324.      4138.5      11.331    


end timestep


start timestep kper="18" kstp="1" mode="normal"


 OUTPUT CONTROL FOR STRESS PERIOD 18 IS REPEATED USING SETTINGS FROM A PREVIOUS STRESS PERIOD.


 STRESS PERIOD 18 IS TRANSIENT


 OPENED freyberg6.wel_stress_period_data_18.txt
 FILE TYPE:OPEN/CLOSE   UNIT 1072   STATUS:OLD                 
 FORMAT:FORMATTED              ACCESS:SEQUENTIAL          
 ACTION:READ                

 ---------------------------------------------------
  WEL NO.    LAYER    ROW     COL     STRESS RATE   
 ---------------------------------------------------
     1         1      10      17    -250.090375     
     2         1      12      14    -276.360778     
     3         1      21      15    -239.358182     
     4         1      27      11    -276.746018     
     5         1      30       7    -270.627597     
     6         1      35      13    -315.173373     
     7         1      25       5    -532.764045     
 ---------------------------------------------------



 REUSING GHBS FROM LAST STRESS PERIOD

 OPENED freyberg6.rch_recharge_18.txt
 FILE TYPE:OPEN/CLOSE   UNIT 1073   STATUS:OLD                 
 FORMAT:FORMATTED              ACCESS:SEQUENTIAL          
 ACTION:READ                


 REUSING SFRS FROM LAST STRESS PERIOD
 UBDSV1 SAVING     FLOW-JA-FACE ON UNIT   1033 AT TIME STEP      1, STRESS PERIOD     18
 UBDSV06 SAVING              WEL IN MODEL FREYBERG6        PACKAGE FREYBERG6       CONNECTED TO MODEL FREYBERG6        PACKAGE WEL              ON UNIT   1033 AT TIME STEP      1, STRESS PERIOD     18
 UBDSV06 SAVING              GHB IN MODEL FREYBERG6        PACKAGE FREYBERG6       CONNECTED TO MODEL FREYBERG6        PACKAGE GHB              ON UNIT   1033 AT TIME STEP      1, STRESS PERIOD     18
 UBDSV06 SAVING             RCHA IN MODEL FREYBERG6        PACKAGE FREYBERG6       CONNECTED TO MODEL FREYBERG6        PACKAGE RCH              ON UNIT   1033 AT TIME STEP      1, STRESS PERIOD     18
 UBDSV06 SAVING              SFR IN MODEL FREYBERG6        PACKAGE FREYBERG6       CONNECTED TO MODEL FREYBERG6        PACKAGE SFR_1            ON UNIT   1033 AT TIME STEP      1, STRESS PERIOD     18

 WEL PACKAGE (WEL) FLOW RATES   PERIOD     18   STEP        1
 -----------------------------------------------
   NUMBER   CELLID                    RATE      
 -----------------------------------------------
     1      (1,10,17)            -250.09037     
     2      (1,12,14)            -276.36078     
     3      (1,21,15)            -239.35818     
     4      (1,27,11)            -276.74602     
     5      (1,30,7)             -270.62760     
     6      (1,35,13)            -315.17337     
     7      (1,25,5)             -532.76405     
 -----------------------------------------------




 GHB PACKAGE (GHB) FLOW RATES   PERIOD     18   STEP        1
 -----------------------------------------------
   NUMBER   CELLID                    RATE      
 -----------------------------------------------
     1      (1,40,6)             -30.569309     
     2      (1,40,7)             -32.453171     
     3      (1,40,8)             -37.331891     
     4      (1,40,9)             -28.797236     
     5      (1,40,10)            -28.687386     
     6      (1,40,11)            -26.695302     
     7      (1,40,12)            -25.475880     
     8      (1,40,13)            -29.678446     
     9      (1,40,14)            -24.518870     
     10     (1,40,15)            -20.872138     
 -----------------------------------------------




 HEAD WILL BE SAVED ON UNIT 1034 AT END OF TIME STEP    1, STRESS PERIOD   18


  SFR_1 BUDGET FOR ENTIRE MODEL AT END OF TIME STEP    1, STRESS PERIOD  18
  ------------------------------------------------------------------------------

     CUMULATIVE SFR_1      L**3       RATES FOR THIS TIME STEP      L**3/T
     ------------------                 ------------------------

           IN:                                      IN:
           ---                                      ---
                 GWF =     8881355.8678                   GWF =        2205.8500
            RAINFALL =           0.0000              RAINFALL =           0.0000
         EVAPORATION =           0.0000           EVAPORATION =           0.0000
              RUNOFF =           0.0000                RUNOFF =           0.0000
          EXT-INFLOW =     2022725.7538            EXT-INFLOW =         485.1243
         EXT-OUTFLOW =           0.0000           EXT-OUTFLOW =           0.0000
             STORAGE =           0.0000               STORAGE =           0.0000

            TOTAL IN =    10904081.6216              TOTAL IN =        2690.9743

          OUT:                                     OUT:
          ----                                     ----
                 GWF =        1140.9491                   GWF =           0.0000
            RAINFALL =           0.0000              RAINFALL =           0.0000
         EVAPORATION =           0.0000           EVAPORATION =           0.0000
              RUNOFF =           0.0000                RUNOFF =           0.0000
          EXT-INFLOW =           0.0000            EXT-INFLOW =           0.0000
         EXT-OUTFLOW =    10902940.6725           EXT-OUTFLOW =        2690.9743
             STORAGE =           0.0000               STORAGE =           0.0000

           TOTAL OUT =    10904081.6216             TOTAL OUT =        2690.9743

            IN - OUT =      -1.1176E-08              IN - OUT =      -4.5475E-13

 PERCENT DISCREPANCY =          -0.00     PERCENT DISCREPANCY =          -0.00



  VOLUME BUDGET FOR ENTIRE MODEL AT END OF TIME STEP    1, STRESS PERIOD  18
  ---------------------------------------------------------------------------------------------------

     CUMULATIVE VOLUME      L**3       RATES FOR THIS TIME STEP      L**3/T          PACKAGE NAME    
     ------------------                 ------------------------                     ----------------

           IN:                                      IN:
           ---                                      ---
              STO-SS =        2585.1014                STO-SS =       8.6964E-03     STORAGE                          
              STO-SY =      910547.5591                STO-SY =           3.0778     STORAGE                          
                 WEL =           0.0000                   WEL =           0.0000     WEL                              
                 GHB =           0.0000                   GHB =           0.0000     GHB                              
                RCHA =    13896960.9183                  RCHA =        5624.5591     RCH                              
                 SFR =        1151.6962                   SFR =           0.0000     SFR_1                            

            TOTAL IN =    14811245.2750              TOTAL IN =        5627.6455

          OUT:                                     OUT:
          ----                                     ----
              STO-SS =        1241.1135                STO-SS =           2.6584     STORAGE                          
              STO-SY =      445078.1990                STO-SY =         962.2791     STORAGE                          
                 WEL =     4455219.8501                   WEL =        2161.1204     WEL                              
                 GHB =     1234424.4626                   GHB =         285.0796     GHB                              
                RCHA =           0.0000                  RCHA =           0.0000     RCH                              
                 SFR =     8701737.7633                   SFR =        2214.4572     SFR_1                            

           TOTAL OUT =    14837701.3885             TOTAL OUT =        5625.5947

            IN - OUT =      -26456.1135              IN - OUT =           2.0509

 PERCENT DISCREPANCY =          -0.18     PERCENT DISCREPANCY =           0.04




         TIME SUMMARY AT END OF TIME STEP    1 IN STRESS PERIOD   18
                    SECONDS     MINUTES      HOURS       DAYS        YEARS
                    -----------------------------------------------------------
   TIME STEP LENGTH 2.67840E+06  44640.      744.00      31.000     8.48734E-02
 STRESS PERIOD TIME 2.67840E+06  44640.      744.00      31.000     8.48734E-02
         TOTAL TIME 3.60245E+08 6.00408E+06 1.00068E+05  4169.5      11.415    


end timestep


start timestep kper="19" kstp="1" mode="normal"


 OUTPUT CONTROL FOR STRESS PERIOD 19 IS REPEATED USING SETTINGS FROM A PREVIOUS STRESS PERIOD.


 STRESS PERIOD 19 IS TRANSIENT


 OPENED freyberg6.wel_stress_period_data_19.txt
 FILE TYPE:OPEN/CLOSE   UNIT 1074   STATUS:OLD                 
 FORMAT:FORMATTED              ACCESS:SEQUENTIAL          
 ACTION:READ                

 ---------------------------------------------------
  WEL NO.    LAYER    ROW     COL     STRESS RATE   
 ---------------------------------------------------
     1         1      10      17    -310.720735     
     2         1      12      14    -308.704151     
     3         1      21      15    -270.634545     
     4         1      27      11    -281.423647     
     5         1      30       7    -284.129128     
     6         1      35      13    -280.607984     
     7         1      25       5    -579.705791     
 ---------------------------------------------------



 REUSING GHBS FROM LAST STRESS PERIOD

 OPENED freyberg6.rch_recharge_19.txt
 FILE TYPE:OPEN/CLOSE   UNIT 1075   STATUS:OLD                 
 FORMAT:FORMATTED              ACCESS:SEQUENTIAL          
 ACTION:READ                


 REUSING SFRS FROM LAST STRESS PERIOD
 UBDSV1 SAVING     FLOW-JA-FACE ON UNIT   1033 AT TIME STEP      1, STRESS PERIOD     19
 UBDSV06 SAVING              WEL IN MODEL FREYBERG6        PACKAGE FREYBERG6       CONNECTED TO MODEL FREYBERG6        PACKAGE WEL              ON UNIT   1033 AT TIME STEP      1, STRESS PERIOD     19
 UBDSV06 SAVING              GHB IN MODEL FREYBERG6        PACKAGE FREYBERG6       CONNECTED TO MODEL FREYBERG6        PACKAGE GHB              ON UNIT   1033 AT TIME STEP      1, STRESS PERIOD     19
 UBDSV06 SAVING             RCHA IN MODEL FREYBERG6        PACKAGE FREYBERG6       CONNECTED TO MODEL FREYBERG6        PACKAGE RCH              ON UNIT   1033 AT TIME STEP      1, STRESS PERIOD     19
 UBDSV06 SAVING              SFR IN MODEL FREYBERG6        PACKAGE FREYBERG6       CONNECTED TO MODEL FREYBERG6        PACKAGE SFR_1            ON UNIT   1033 AT TIME STEP      1, STRESS PERIOD     19

 WEL PACKAGE (WEL) FLOW RATES   PERIOD     19   STEP        1
 -----------------------------------------------
   NUMBER   CELLID                    RATE      
 -----------------------------------------------
     1      (1,10,17)            -310.72073     
     2      (1,12,14)            -308.70415     
     3      (1,21,15)            -270.63455     
     4      (1,27,11)            -281.42365     
     5      (1,30,7)             -284.12913     
     6      (1,35,13)            -280.60798     
     7      (1,25,5)             -579.70579     
 -----------------------------------------------




 GHB PACKAGE (GHB) FLOW RATES   PERIOD     19   STEP        1
 -----------------------------------------------
   NUMBER   CELLID                    RATE      
 -----------------------------------------------
     1      (1,40,6)             -29.689023     
     2      (1,40,7)             -31.646416     
     3      (1,40,8)             -36.368450     
     4      (1,40,9)             -27.786584     
     5      (1,40,10)            -27.558677     
     6      (1,40,11)            -25.656263     
     7      (1,40,12)            -24.503057     
     8      (1,40,13)            -28.710468     
     9      (1,40,14)            -23.458086     
     10     (1,40,15)            -19.873675     
 -----------------------------------------------




 HEAD WILL BE SAVED ON UNIT 1034 AT END OF TIME STEP    1, STRESS PERIOD   19


  SFR_1 BUDGET FOR ENTIRE MODEL AT END OF TIME STEP    1, STRESS PERIOD  19
  ------------------------------------------------------------------------------

     CUMULATIVE SFR_1      L**3       RATES FOR THIS TIME STEP      L**3/T
     ------------------                 ------------------------

           IN:                                      IN:
           ---                                      ---
                 GWF =     8944491.9882                   GWF =        2104.5373
            RAINFALL =           0.0000              RAINFALL =           0.0000
         EVAPORATION =           0.0000           EVAPORATION =           0.0000
              RUNOFF =           0.0000                RUNOFF =           0.0000
          EXT-INFLOW =     2037279.4827            EXT-INFLOW =         485.1243
         EXT-OUTFLOW =           0.0000           EXT-OUTFLOW =           0.0000
             STORAGE =           0.0000               STORAGE =           0.0000

            TOTAL IN =    10981771.4709              TOTAL IN =        2589.6616

          OUT:                                     OUT:
          ----                                     ----
                 GWF =        1140.9491                   GWF =           0.0000
            RAINFALL =           0.0000              RAINFALL =           0.0000
         EVAPORATION =           0.0000           EVAPORATION =           0.0000
              RUNOFF =           0.0000                RUNOFF =           0.0000
          EXT-INFLOW =           0.0000            EXT-INFLOW =           0.0000
         EXT-OUTFLOW =    10980630.5218           EXT-OUTFLOW =        2589.6616
             STORAGE =           0.0000               STORAGE =           0.0000

           TOTAL OUT =    10981771.4709             TOTAL OUT =        2589.6616

            IN - OUT =      -9.3132E-09              IN - OUT =      -4.5475E-13

 PERCENT DISCREPANCY =          -0.00     PERCENT DISCREPANCY =          -0.00



  VOLUME BUDGET FOR ENTIRE MODEL AT END OF TIME STEP    1, STRESS PERIOD  19
  ---------------------------------------------------------------------------------------------------

     CUMULATIVE VOLUME      L**3       RATES FOR THIS TIME STEP      L**3/T          PACKAGE NAME    
     ------------------                 ------------------------                     ----------------

           IN:                                      IN:
           ---                                      ---
              STO-SS =        2608.3959                STO-SS =           0.7765     STORAGE                          
              STO-SY =      918700.0961                STO-SY =         271.7512     STORAGE                          
                 WEL =           0.0000                   WEL =           0.0000     WEL                              
                 GHB =           0.0000                   GHB =           0.0000     GHB                              
                RCHA =    14031486.6448                  RCHA =        4484.1909     RCH                              
                 SFR =        1151.6962                   SFR =           0.0000     SFR_1                            

            TOTAL IN =    14953946.8330              TOTAL IN =        4756.7186

          OUT:                                     OUT:
          ----                                     ----
              STO-SS =        1246.3045                STO-SS =           0.1730     STORAGE                          
              STO-SY =      447107.4907                STO-SY =          67.6431     STORAGE                          
                 WEL =     4524697.6295                   WEL =        2315.9260     WEL                              
                 GHB =     1242681.9835                   GHB =         275.2507     GHB                              
                RCHA =           0.0000                  RCHA =           0.0000     RCH                              
                 SFR =     8764707.3886                   SFR =        2098.9875     SFR_1                            

           TOTAL OUT =    14980440.7969             TOTAL OUT =        4757.9803

            IN - OUT =      -26493.9638              IN - OUT =          -1.2617

 PERCENT DISCREPANCY =          -0.18     PERCENT DISCREPANCY =          -0.03




         TIME SUMMARY AT END OF TIME STEP    1 IN STRESS PERIOD   19
                    SECONDS     MINUTES      HOURS       DAYS        YEARS
                    -----------------------------------------------------------
   TIME STEP LENGTH 2.59200E+06  43200.      720.00      30.000     8.21355E-02
 STRESS PERIOD TIME 2.59200E+06  43200.      720.00      30.000     8.21355E-02
         TOTAL TIME 3.62837E+08 6.04728E+06 1.00788E+05  4199.5      11.498    


end timestep


start timestep kper="20" kstp="1" mode="normal"


 OUTPUT CONTROL FOR STRESS PERIOD 20 IS REPEATED USING SETTINGS FROM A PREVIOUS STRESS PERIOD.


 STRESS PERIOD 20 IS TRANSIENT


 OPENED freyberg6.wel_stress_period_data_20.txt
 FILE TYPE:OPEN/CLOSE   UNIT 1076   STATUS:OLD                 
 FORMAT:FORMATTED              ACCESS:SEQUENTIAL          
 ACTION:READ                

 ---------------------------------------------------
  WEL NO.    LAYER    ROW     COL     STRESS RATE   
 ---------------------------------------------------
     1         1      10      17    -280.860614     
     2         1      12      14    -274.628654     
     3         1      21      15    -315.067496     
     4         1      27      11    -287.538849     
     5         1      30       7    -277.827985     
     6         1      35      13    -340.962875     
     7         1      25       5    -596.903583     
 ---------------------------------------------------



 REUSING GHBS FROM LAST STRESS PERIOD

 OPENED freyberg6.rch_recharge_20.txt
 FILE TYPE:OPEN/CLOSE   UNIT 1077   STATUS:OLD                 
 FORMAT:FORMATTED              ACCESS:SEQUENTIAL          
 ACTION:READ                


 REUSING SFRS FROM LAST STRESS PERIOD
 UBDSV1 SAVING     FLOW-JA-FACE ON UNIT   1033 AT TIME STEP      1, STRESS PERIOD     20
 UBDSV06 SAVING              WEL IN MODEL FREYBERG6        PACKAGE FREYBERG6       CONNECTED TO MODEL FREYBERG6        PACKAGE WEL              ON UNIT   1033 AT TIME STEP      1, STRESS PERIOD     20
 UBDSV06 SAVING              GHB IN MODEL FREYBERG6        PACKAGE FREYBERG6       CONNECTED TO MODEL FREYBERG6        PACKAGE GHB              ON UNIT   1033 AT TIME STEP      1, STRESS PERIOD     20
 UBDSV06 SAVING             RCHA IN MODEL FREYBERG6        PACKAGE FREYBERG6       CONNECTED TO MODEL FREYBERG6        PACKAGE RCH              ON UNIT   1033 AT TIME STEP      1, STRESS PERIOD     20
 UBDSV06 SAVING              SFR IN MODEL FREYBERG6        PACKAGE FREYBERG6       CONNECTED TO MODEL FREYBERG6        PACKAGE SFR_1            ON UNIT   1033 AT TIME STEP      1, STRESS PERIOD     20

 WEL PACKAGE (WEL) FLOW RATES   PERIOD     20   STEP        1
 -----------------------------------------------
   NUMBER   CELLID                    RATE      
 -----------------------------------------------
     1      (1,10,17)            -280.86061     
     2      (1,12,14)            -274.62865     
     3      (1,21,15)            -315.06750     
     4      (1,27,11)            -287.53885     
     5      (1,30,7)             -277.82799     
     6      (1,35,13)            -340.96288     
     7      (1,25,5)             -596.90358     
 -----------------------------------------------




 GHB PACKAGE (GHB) FLOW RATES   PERIOD     20   STEP        1
 -----------------------------------------------
   NUMBER   CELLID                    RATE      
 -----------------------------------------------
     1      (1,40,6)             -25.022558     
     2      (1,40,7)             -27.504751     
     3      (1,40,8)             -31.644641     
     4      (1,40,9)             -23.032476     
     5      (1,40,10)            -22.405403     
     6      (1,40,11)            -21.033378     
     7      (1,40,12)            -20.299344     
     8      (1,40,13)            -24.709271     
     9      (1,40,14)            -19.303727     
     10     (1,40,15)            -16.196896     
 -----------------------------------------------




 HEAD WILL BE SAVED ON UNIT 1034 AT END OF TIME STEP    1, STRESS PERIOD   20


  SFR_1 BUDGET FOR ENTIRE MODEL AT END OF TIME STEP    1, STRESS PERIOD  20
  ------------------------------------------------------------------------------

     CUMULATIVE SFR_1      L**3       RATES FOR THIS TIME STEP      L**3/T
     ------------------                 ------------------------

           IN:                                      IN:
           ---                                      ---
                 GWF =     8998004.0890                   GWF =        1726.1968
            RAINFALL =           0.0000              RAINFALL =           0.0000
         EVAPORATION =           0.0000           EVAPORATION =           0.0000
              RUNOFF =           0.0000                RUNOFF =           0.0000
          EXT-INFLOW =     2052318.3359            EXT-INFLOW =         485.1243
         EXT-OUTFLOW =           0.0000           EXT-OUTFLOW =           0.0000
             STORAGE =           0.0000               STORAGE =           0.0000

            TOTAL IN =    11050322.4249              TOTAL IN =        2211.3211

          OUT:                                     OUT:
          ----                                     ----
                 GWF =        1140.9491                   GWF =           0.0000
            RAINFALL =           0.0000              RAINFALL =           0.0000
         EVAPORATION =           0.0000           EVAPORATION =           0.0000
              RUNOFF =           0.0000                RUNOFF =           0.0000
          EXT-INFLOW =           0.0000            EXT-INFLOW =           0.0000
         EXT-OUTFLOW =    11049181.4758           EXT-OUTFLOW =        2211.3211
             STORAGE =           0.0000               STORAGE =           0.0000

           TOTAL OUT =    11050322.4249             TOTAL OUT =        2211.3211

            IN - OUT =      -7.4506E-09              IN - OUT =           0.0000

 PERCENT DISCREPANCY =          -0.00     PERCENT DISCREPANCY =           0.00



  VOLUME BUDGET FOR ENTIRE MODEL AT END OF TIME STEP    1, STRESS PERIOD  20
  ---------------------------------------------------------------------------------------------------

     CUMULATIVE VOLUME      L**3       RATES FOR THIS TIME STEP      L**3/T          PACKAGE NAME    
     ------------------                 ------------------------                     ----------------

           IN:                                      IN:
           ---                                      ---
              STO-SS =        2742.5485                STO-SS =           4.3275     STORAGE                          
              STO-SY =      966588.4455                STO-SY =        1544.7855     STORAGE                          
                 WEL =           0.0000                   WEL =           0.0000     WEL                              
                 GHB =           0.0000                   GHB =           0.0000     GHB                              
                RCHA =    14117117.0491                  RCHA =        2762.2711     RCH                              
                 SFR =        1151.6962                   SFR =           0.0000     SFR_1                            

            TOTAL IN =    15087599.7394              TOTAL IN =        4311.3841

          OUT:                                     OUT:
          ----                                     ----
              STO-SS =        1246.3045                STO-SS =           0.0000     STORAGE                          
              STO-SY =      447107.4907                STO-SY =           0.0000     STORAGE                          
                 WEL =     4598285.1213                   WEL =        2373.7901     WEL                              
                 GHB =     1249847.7094                   GHB =         231.1524     GHB                              
                RCHA =           0.0000                  RCHA =           0.0000     RCH                              
                 SFR =     8817718.3712                   SFR =        1710.0317     SFR_1                            

           TOTAL OUT =    15114204.9971             TOTAL OUT =        4314.9742

            IN - OUT =      -26605.2577              IN - OUT =          -3.5901

 PERCENT DISCREPANCY =          -0.18     PERCENT DISCREPANCY =          -0.08




         TIME SUMMARY AT END OF TIME STEP    1 IN STRESS PERIOD   20
                    SECONDS     MINUTES      HOURS       DAYS        YEARS
                    -----------------------------------------------------------
   TIME STEP LENGTH 2.67840E+06  44640.      744.00      31.000     8.48734E-02
 STRESS PERIOD TIME 2.67840E+06  44640.      744.00      31.000     8.48734E-02
         TOTAL TIME 3.65515E+08 6.09192E+06 1.01532E+05  4230.5      11.582    


end timestep


start timestep kper="21" kstp="1" mode="normal"


 OUTPUT CONTROL FOR STRESS PERIOD 21 IS REPEATED USING SETTINGS FROM A PREVIOUS STRESS PERIOD.


 STRESS PERIOD 21 IS TRANSIENT


 OPENED freyberg6.wel_stress_period_data_21.txt
 FILE TYPE:OPEN/CLOSE   UNIT 1078   STATUS:OLD                 
 FORMAT:FORMATTED              ACCESS:SEQUENTIAL          
 ACTION:READ                

 ---------------------------------------------------
  WEL NO.    LAYER    ROW     COL     STRESS RATE   
 ---------------------------------------------------
     1         1      10      17    -308.221944     
     2         1      12      14    -281.127603     
     3         1      21      15    -354.519812     
     4         1      27      11    -268.905463     
     5         1      30       7    -289.843173     
     6         1      35      13    -354.128899     
     7         1      25       5    -601.450236     
 ---------------------------------------------------



 REUSING GHBS FROM LAST STRESS PERIOD

 OPENED freyberg6.rch_recharge_21.txt
 FILE TYPE:OPEN/CLOSE   UNIT 1079   STATUS:OLD                 
 FORMAT:FORMATTED              ACCESS:SEQUENTIAL          
 ACTION:READ                


 REUSING SFRS FROM LAST STRESS PERIOD
 UBDSV1 SAVING     FLOW-JA-FACE ON UNIT   1033 AT TIME STEP      1, STRESS PERIOD     21
 UBDSV06 SAVING              WEL IN MODEL FREYBERG6        PACKAGE FREYBERG6       CONNECTED TO MODEL FREYBERG6        PACKAGE WEL              ON UNIT   1033 AT TIME STEP      1, STRESS PERIOD     21
 UBDSV06 SAVING              GHB IN MODEL FREYBERG6        PACKAGE FREYBERG6       CONNECTED TO MODEL FREYBERG6        PACKAGE GHB              ON UNIT   1033 AT TIME STEP      1, STRESS PERIOD     21
 UBDSV06 SAVING             RCHA IN MODEL FREYBERG6        PACKAGE FREYBERG6       CONNECTED TO MODEL FREYBERG6        PACKAGE RCH              ON UNIT   1033 AT TIME STEP      1, STRESS PERIOD     21
 UBDSV06 SAVING              SFR IN MODEL FREYBERG6        PACKAGE FREYBERG6       CONNECTED TO MODEL FREYBERG6        PACKAGE SFR_1            ON UNIT   1033 AT TIME STEP      1, STRESS PERIOD     21

 WEL PACKAGE (WEL) FLOW RATES   PERIOD     21   STEP        1
 -----------------------------------------------
   NUMBER   CELLID                    RATE      
 -----------------------------------------------
     1      (1,10,17)            -308.22194     
     2      (1,12,14)            -281.12760     
     3      (1,21,15)            -354.51981     
     4      (1,27,11)            -268.90546     
     5      (1,30,7)             -289.84317     
     6      (1,35,13)            -354.12890     
     7      (1,25,5)             -601.45024     
 -----------------------------------------------




 GHB PACKAGE (GHB) FLOW RATES   PERIOD     21   STEP        1
 -----------------------------------------------
   NUMBER   CELLID                    RATE      
 -----------------------------------------------
     1      (1,40,6)             -18.159549     
     2      (1,40,7)             -21.462516     
     3      (1,40,8)             -24.848481     
     4      (1,40,9)             -16.304093     
     5      (1,40,10)            -15.233033     
     6      (1,40,11)            -14.704529     
     7      (1,40,12)            -14.630112     
     8      (1,40,13)            -19.382370     
     9      (1,40,14)            -13.821676     
     10     (1,40,15)            -11.371018     
 -----------------------------------------------




 HEAD WILL BE SAVED ON UNIT 1034 AT END OF TIME STEP    1, STRESS PERIOD   21


  SFR_1 BUDGET FOR ENTIRE MODEL AT END OF TIME STEP    1, STRESS PERIOD  21
  ------------------------------------------------------------------------------

     CUMULATIVE SFR_1      L**3       RATES FOR THIS TIME STEP      L**3/T
     ------------------                 ------------------------

           IN:                                      IN:
           ---                                      ---
                 GWF =     9034529.4156                   GWF =        1178.2363
            RAINFALL =           0.0000              RAINFALL =           0.0000
         EVAPORATION =           0.0000           EVAPORATION =           0.0000
              RUNOFF =           0.0000                RUNOFF =           0.0000
          EXT-INFLOW =     2067357.1891            EXT-INFLOW =         485.1243
         EXT-OUTFLOW =           0.0000           EXT-OUTFLOW =           0.0000
             STORAGE =           0.0000               STORAGE =           0.0000

            TOTAL IN =    11101886.6047              TOTAL IN =        1663.3606

          OUT:                                     OUT:
          ----                                     ----
                 GWF =        1140.9491                   GWF =           0.0000
            RAINFALL =           0.0000              RAINFALL =           0.0000
         EVAPORATION =           0.0000           EVAPORATION =           0.0000
              RUNOFF =           0.0000                RUNOFF =           0.0000
          EXT-INFLOW =           0.0000            EXT-INFLOW =           0.0000
         EXT-OUTFLOW =    11100745.6556           EXT-OUTFLOW =        1663.3606
             STORAGE =           0.0000               STORAGE =           0.0000

           TOTAL OUT =    11101886.6047             TOTAL OUT =        1663.3606

            IN - OUT =      -7.4506E-09              IN - OUT =       2.2737E-13

 PERCENT DISCREPANCY =          -0.00     PERCENT DISCREPANCY =           0.00



  VOLUME BUDGET FOR ENTIRE MODEL AT END OF TIME STEP    1, STRESS PERIOD  21
  ---------------------------------------------------------------------------------------------------

     CUMULATIVE VOLUME      L**3       RATES FOR THIS TIME STEP      L**3/T          PACKAGE NAME    
     ------------------                 ------------------------                     ----------------

           IN:                                      IN:
           ---                                      ---
              STO-SS =        2953.5363                STO-SS =           6.8061     STORAGE                          
              STO-SY =     1042698.0000                STO-SY =        2455.1469     STORAGE                          
                 WEL =           0.0000                   WEL =           0.0000     WEL                              
                 GHB =           0.0000                   GHB =           0.0000     GHB                              
                RCHA =    14157841.4389                  RCHA =        1313.6900     RCH                              
                 SFR =        1151.6962                   SFR =           0.0000     SFR_1                            

            TOTAL IN =    15204644.6714              TOTAL IN =        3775.6430

          OUT:                                     OUT:
          ----                                     ----
              STO-SS =        1246.3045                STO-SS =           0.0000     STORAGE                          
              STO-SY =      447107.4907                STO-SY =           0.0000     STORAGE                          
                 WEL =     4674489.2323                   WEL =        2458.1971     WEL                              
                 GHB =     1255115.1480                   GHB =         169.9174     GHB                              
                RCHA =           0.0000                  RCHA =           0.0000     RCH                              
                 SFR =     8853458.0811                   SFR =        1152.8939     SFR_1                            

           TOTAL OUT =    15231416.2567             TOTAL OUT =        3781.0084

            IN - OUT =      -26771.5853              IN - OUT =          -5.3654

 PERCENT DISCREPANCY =          -0.18     PERCENT DISCREPANCY =          -0.14




         TIME SUMMARY AT END OF TIME STEP    1 IN STRESS PERIOD   21
                    SECONDS     MINUTES      HOURS       DAYS        YEARS
                    -----------------------------------------------------------
   TIME STEP LENGTH 2.67840E+06  44640.      744.00      31.000     8.48734E-02
 STRESS PERIOD TIME 2.67840E+06  44640.      744.00      31.000     8.48734E-02
         TOTAL TIME 3.68194E+08 6.13656E+06 1.02276E+05  4261.5      11.667    


end timestep


start timestep kper="22" kstp="1" mode="normal"


 OUTPUT CONTROL FOR STRESS PERIOD 22 IS REPEATED USING SETTINGS FROM A PREVIOUS STRESS PERIOD.


 STRESS PERIOD 22 IS TRANSIENT


 OPENED freyberg6.wel_stress_period_data_22.txt
 FILE TYPE:OPEN/CLOSE   UNIT 1080   STATUS:OLD                 
 FORMAT:FORMATTED              ACCESS:SEQUENTIAL          
 ACTION:READ                

 ---------------------------------------------------
  WEL NO.    LAYER    ROW     COL     STRESS RATE   
 ---------------------------------------------------
     1         1      10      17    -336.797839     
     2         1      12      14    -328.570060     
     3         1      21      15    -329.376211     
     4         1      27      11    -316.190421     
     5         1      30       7    -260.959921     
     6         1      35      13    -298.120566     
     7         1      25       5    -491.659102     
 ---------------------------------------------------



 REUSING GHBS FROM LAST STRESS PERIOD

 OPENED freyberg6.rch_recharge_22.txt
 FILE TYPE:OPEN/CLOSE   UNIT 1081   STATUS:OLD                 
 FORMAT:FORMATTED              ACCESS:SEQUENTIAL          
 ACTION:READ                


 REUSING SFRS FROM LAST STRESS PERIOD
 UBDSV1 SAVING     FLOW-JA-FACE ON UNIT   1033 AT TIME STEP      1, STRESS PERIOD     22
 UBDSV06 SAVING              WEL IN MODEL FREYBERG6        PACKAGE FREYBERG6       CONNECTED TO MODEL FREYBERG6        PACKAGE WEL              ON UNIT   1033 AT TIME STEP      1, STRESS PERIOD     22
 UBDSV06 SAVING              GHB IN MODEL FREYBERG6        PACKAGE FREYBERG6       CONNECTED TO MODEL FREYBERG6        PACKAGE GHB              ON UNIT   1033 AT TIME STEP      1, STRESS PERIOD     22
 UBDSV06 SAVING             RCHA IN MODEL FREYBERG6        PACKAGE FREYBERG6       CONNECTED TO MODEL FREYBERG6        PACKAGE RCH              ON UNIT   1033 AT TIME STEP      1, STRESS PERIOD     22
 UBDSV06 SAVING              SFR IN MODEL FREYBERG6        PACKAGE FREYBERG6       CONNECTED TO MODEL FREYBERG6        PACKAGE SFR_1            ON UNIT   1033 AT TIME STEP      1, STRESS PERIOD     22

 WEL PACKAGE (WEL) FLOW RATES   PERIOD     22   STEP        1
 -----------------------------------------------
   NUMBER   CELLID                    RATE      
 -----------------------------------------------
     1      (1,10,17)            -336.79784     
     2      (1,12,14)            -328.57006     
     3      (1,21,15)            -329.37621     
     4      (1,27,11)            -316.19042     
     5      (1,30,7)             -260.95992     
     6      (1,35,13)            -298.12057     
     7      (1,25,5)             -491.65910     
 -----------------------------------------------




 GHB PACKAGE (GHB) FLOW RATES   PERIOD     22   STEP        1
 -----------------------------------------------
   NUMBER   CELLID                    RATE      
 -----------------------------------------------
     1      (1,40,6)             -11.269270     
     2      (1,40,7)             -15.443163     
     3      (1,40,8)             -18.177180     
     4      (1,40,9)             -9.8251104     
     5      (1,40,10)            -8.4732602     
     6      (1,40,11)            -8.8664062     
     7      (1,40,12)            -9.4956723     
     8      (1,40,13)            -14.617438     
     9      (1,40,14)            -8.9365329     
     10     (1,40,15)            -7.0506368     
 -----------------------------------------------




 HEAD WILL BE SAVED ON UNIT 1034 AT END OF TIME STEP    1, STRESS PERIOD   22


  SFR_1 BUDGET FOR ENTIRE MODEL AT END OF TIME STEP    1, STRESS PERIOD  22
  ------------------------------------------------------------------------------

     CUMULATIVE SFR_1      L**3       RATES FOR THIS TIME STEP      L**3/T
     ------------------                 ------------------------

           IN:                                      IN:
           ---                                      ---
                 GWF =     9053801.4230                   GWF =         642.4002
            RAINFALL =           0.0000              RAINFALL =           0.0000
         EVAPORATION =           0.0000           EVAPORATION =           0.0000
              RUNOFF =           0.0000                RUNOFF =           0.0000
          EXT-INFLOW =     2081910.9180            EXT-INFLOW =         485.1243
         EXT-OUTFLOW =           0.0000           EXT-OUTFLOW =           0.0000
             STORAGE =           0.0000               STORAGE =           0.0000

            TOTAL IN =    11135712.3410              TOTAL IN =        1127.5245

          OUT:                                     OUT:
          ----                                     ----
                 GWF =        1452.5290                   GWF =          10.3860
            RAINFALL =           0.0000              RAINFALL =           0.0000
         EVAPORATION =           0.0000           EVAPORATION =           0.0000
              RUNOFF =           0.0000                RUNOFF =           0.0000
          EXT-INFLOW =           0.0000            EXT-INFLOW =           0.0000
         EXT-OUTFLOW =    11134259.8120           EXT-OUTFLOW =        1117.1385
             STORAGE =           0.0000               STORAGE =           0.0000

           TOTAL OUT =    11135712.3410             TOTAL OUT =        1127.5245

            IN - OUT =      -7.4506E-09              IN - OUT =       1.1369E-12

 PERCENT DISCREPANCY =          -0.00     PERCENT DISCREPANCY =           0.00



  VOLUME BUDGET FOR ENTIRE MODEL AT END OF TIME STEP    1, STRESS PERIOD  22
  ---------------------------------------------------------------------------------------------------

     CUMULATIVE VOLUME      L**3       RATES FOR THIS TIME STEP      L**3/T          PACKAGE NAME    
     ------------------                 ------------------------                     ----------------

           IN:                                      IN:
           ---                                      ---
              STO-SS =        3175.3722                STO-SS =           7.3945     STORAGE                          
              STO-SY =     1123439.8852                STO-SY =        2691.3962     STORAGE                          
                 WEL =           0.0000                   WEL =           0.0000     WEL                              
                 GHB =           0.0000                   GHB =           0.0000     GHB                              
                RCHA =    14168998.6145                  RCHA =         371.9059     RCH                              
                 SFR =        1523.5630                   SFR =          12.3956     SFR_1                            

            TOTAL IN =    15297137.4350              TOTAL IN =        3083.0921

          OUT:                                     OUT:
          ----                                     ----
              STO-SS =        1246.3045                STO-SS =           0.0000     STORAGE                          
              STO-SY =      447107.4907                STO-SY =           0.0000     STORAGE                          
                 WEL =     4745339.4559                   WEL =        2361.6741     WEL                              
                 GHB =     1258479.7881                   GHB =         112.1547     GHB                              
                RCHA =           0.0000                  RCHA =           0.0000     RCH                              
                 SFR =     8871916.3729                   SFR =         615.2764     SFR_1                            

           TOTAL OUT =    15324089.4122             TOTAL OUT =        3089.1052

            IN - OUT =      -26951.9772              IN - OUT =          -6.0131

 PERCENT DISCREPANCY =          -0.18     PERCENT DISCREPANCY =          -0.19




         TIME SUMMARY AT END OF TIME STEP    1 IN STRESS PERIOD   22
                    SECONDS     MINUTES      HOURS       DAYS        YEARS
                    -----------------------------------------------------------
   TIME STEP LENGTH 2.59200E+06  43200.      720.00      30.000     8.21355E-02
 STRESS PERIOD TIME 2.59200E+06  43200.      720.00      30.000     8.21355E-02
         TOTAL TIME 3.70786E+08 6.17976E+06 1.02996E+05  4291.5      11.749    


end timestep


start timestep kper="23" kstp="1" mode="normal"


 OUTPUT CONTROL FOR STRESS PERIOD 23 IS REPEATED USING SETTINGS FROM A PREVIOUS STRESS PERIOD.


 STRESS PERIOD 23 IS TRANSIENT


 OPENED freyberg6.wel_stress_period_data_23.txt
 FILE TYPE:OPEN/CLOSE   UNIT 1082   STATUS:OLD                 
 FORMAT:FORMATTED              ACCESS:SEQUENTIAL          
 ACTION:READ                

 ---------------------------------------------------
  WEL NO.    LAYER    ROW     COL     STRESS RATE   
 ---------------------------------------------------
     1         1      10      17    -334.841590     
     2         1      12      14    -322.154453     
     3         1      21      15    -284.538407     
     4         1      27      11    -284.862749     
     5         1      30       7    -331.597014     
     6         1      35      13    -278.340055     
     7         1      25       5    -585.853980     
 ---------------------------------------------------



 REUSING GHBS FROM LAST STRESS PERIOD

 OPENED freyberg6.rch_recharge_23.txt
 FILE TYPE:OPEN/CLOSE   UNIT 1083   STATUS:OLD                 
 FORMAT:FORMATTED              ACCESS:SEQUENTIAL          
 ACTION:READ                


 REUSING SFRS FROM LAST STRESS PERIOD
 UBDSV1 SAVING     FLOW-JA-FACE ON UNIT   1033 AT TIME STEP      1, STRESS PERIOD     23
 UBDSV06 SAVING              WEL IN MODEL FREYBERG6        PACKAGE FREYBERG6       CONNECTED TO MODEL FREYBERG6        PACKAGE WEL              ON UNIT   1033 AT TIME STEP      1, STRESS PERIOD     23
 UBDSV06 SAVING              GHB IN MODEL FREYBERG6        PACKAGE FREYBERG6       CONNECTED TO MODEL FREYBERG6        PACKAGE GHB              ON UNIT   1033 AT TIME STEP      1, STRESS PERIOD     23
 UBDSV06 SAVING             RCHA IN MODEL FREYBERG6        PACKAGE FREYBERG6       CONNECTED TO MODEL FREYBERG6        PACKAGE RCH              ON UNIT   1033 AT TIME STEP      1, STRESS PERIOD     23
 UBDSV06 SAVING              SFR IN MODEL FREYBERG6        PACKAGE FREYBERG6       CONNECTED TO MODEL FREYBERG6        PACKAGE SFR_1            ON UNIT   1033 AT TIME STEP      1, STRESS PERIOD     23

 WEL PACKAGE (WEL) FLOW RATES   PERIOD     23   STEP        1
 -----------------------------------------------
   NUMBER   CELLID                    RATE      
 -----------------------------------------------
     1      (1,10,17)            -334.84159     
     2      (1,12,14)            -322.15445     
     3      (1,21,15)            -284.53841     
     4      (1,27,11)            -284.86275     
     5      (1,30,7)             -331.59701     
     6      (1,35,13)            -278.34006     
     7      (1,25,5)             -585.85398     
 -----------------------------------------------




 GHB PACKAGE (GHB) FLOW RATES   PERIOD     23   STEP        1
 -----------------------------------------------
   NUMBER   CELLID                    RATE      
 -----------------------------------------------
     1      (1,40,6)             -5.4803920     
     2      (1,40,7)             -10.422379     
     3      (1,40,8)             -12.680266     
     4      (1,40,9)             -4.5610248     
     5      (1,40,10)            -3.0570110     
     6      (1,40,11)            -4.2525316     
     7      (1,40,12)            -5.4931034     
     8      (1,40,13)            -10.958302     
     9      (1,40,14)            -5.2377125     
     10     (1,40,15)            -3.8178611     
 -----------------------------------------------




 HEAD WILL BE SAVED ON UNIT 1034 AT END OF TIME STEP    1, STRESS PERIOD   23


  SFR_1 BUDGET FOR ENTIRE MODEL AT END OF TIME STEP    1, STRESS PERIOD  23
  ------------------------------------------------------------------------------

     CUMULATIVE SFR_1      L**3       RATES FOR THIS TIME STEP      L**3/T
     ------------------                 ------------------------

           IN:                                      IN:
           ---                                      ---
                 GWF =     9063195.5743                   GWF =         303.0371
            RAINFALL =           0.0000              RAINFALL =           0.0000
         EVAPORATION =           0.0000           EVAPORATION =           0.0000
              RUNOFF =           0.0000                RUNOFF =           0.0000
          EXT-INFLOW =     2096949.7712            EXT-INFLOW =         485.1243
         EXT-OUTFLOW =           0.0000           EXT-OUTFLOW =           0.0000
             STORAGE =           0.0000               STORAGE =           0.0000

            TOTAL IN =    11160145.3454              TOTAL IN =         788.1614

          OUT:                                     OUT:
          ----                                     ----
                 GWF =        4054.2003                   GWF =          83.9249
            RAINFALL =           0.0000              RAINFALL =           0.0000
         EVAPORATION =           0.0000           EVAPORATION =           0.0000
              RUNOFF =           0.0000                RUNOFF =           0.0000
          EXT-INFLOW =           0.0000            EXT-INFLOW =           0.0000
         EXT-OUTFLOW =    11156091.1452           EXT-OUTFLOW =         704.2366
             STORAGE =           0.0000               STORAGE =           0.0000

           TOTAL OUT =    11160145.3454             TOTAL OUT =         788.1614

            IN - OUT =      -7.4506E-09              IN - OUT =       2.2737E-13

 PERCENT DISCREPANCY =          -0.00     PERCENT DISCREPANCY =           0.00



  VOLUME BUDGET FOR ENTIRE MODEL AT END OF TIME STEP    1, STRESS PERIOD  23
  ---------------------------------------------------------------------------------------------------

     CUMULATIVE VOLUME      L**3       RATES FOR THIS TIME STEP      L**3/T          PACKAGE NAME    
     ------------------                 ------------------------                     ----------------

           IN:                                      IN:
           ---                                      ---
              STO-SS =        3378.3346                STO-SS =           6.5472     STORAGE                          
              STO-SY =     1198301.1638                STO-SY =        2414.8800     STORAGE                          
                 WEL =           0.0000                   WEL =           0.0000     WEL                              
                 GHB =           0.0000                   GHB =           0.0000     GHB                              
                RCHA =    14176910.7758                  RCHA =         255.2310     RCH                              
                 SFR =        4483.5883                   SFR =          95.4847     SFR_1                            

            TOTAL IN =    15383073.8625              TOTAL IN =        2772.1428

          OUT:                                     OUT:
          ----                                     ----
              STO-SS =        1246.3045                STO-SS =           0.0000     STORAGE                          
              STO-SY =      447107.4907                STO-SY =           0.0000     STORAGE                          
                 WEL =     4820427.2916                   WEL =        2422.1882     WEL                              
                 GHB =     1260524.5662                   GHB =          65.9606     GHB                              
                RCHA =           0.0000                  RCHA =           0.0000     RCH                              
                 SFR =     8880881.2455                   SFR =         289.1894     SFR_1                            

           TOTAL OUT =    15410186.8986             TOTAL OUT =        2777.3383

            IN - OUT =      -27113.0361              IN - OUT =          -5.1954

 PERCENT DISCREPANCY =          -0.18     PERCENT DISCREPANCY =          -0.19




         TIME SUMMARY AT END OF TIME STEP    1 IN STRESS PERIOD   23
                    SECONDS     MINUTES      HOURS       DAYS        YEARS
                    -----------------------------------------------------------
   TIME STEP LENGTH 2.67840E+06  44640.      744.00      31.000     8.48734E-02
 STRESS PERIOD TIME 2.67840E+06  44640.      744.00      31.000     8.48734E-02
         TOTAL TIME 3.73464E+08 6.22440E+06 1.03740E+05  4322.5      11.834    


end timestep


start timestep kper="24" kstp="1" mode="normal"


 OUTPUT CONTROL FOR STRESS PERIOD 24 IS REPEATED USING SETTINGS FROM A PREVIOUS STRESS PERIOD.


 STRESS PERIOD 24 IS TRANSIENT


 OPENED freyberg6.wel_stress_period_data_24.txt
 FILE TYPE:OPEN/CLOSE   UNIT 1084   STATUS:OLD                 
 FORMAT:FORMATTED              ACCESS:SEQUENTIAL          
 ACTION:READ                

 ---------------------------------------------------
  WEL NO.    LAYER    ROW     COL     STRESS RATE   
 ---------------------------------------------------
     1         1      10      17    -307.303520     
     2         1      12      14    -284.567154     
     3         1      21      15    -291.926149     
     4         1      27      11    -299.313239     
     5         1      30       7    -336.136622     
     6         1      35      13    -289.453535     
     7         1      25       5    -534.243736     
 ---------------------------------------------------



 REUSING GHBS FROM LAST STRESS PERIOD

 OPENED freyberg6.rch_recharge_24.txt
 FILE TYPE:OPEN/CLOSE   UNIT 1085   STATUS:OLD                 
 FORMAT:FORMATTED              ACCESS:SEQUENTIAL          
 ACTION:READ                


 REUSING SFRS FROM LAST STRESS PERIOD
 UBDSV1 SAVING     FLOW-JA-FACE ON UNIT   1033 AT TIME STEP      1, STRESS PERIOD     24
 UBDSV06 SAVING              WEL IN MODEL FREYBERG6        PACKAGE FREYBERG6       CONNECTED TO MODEL FREYBERG6        PACKAGE WEL              ON UNIT   1033 AT TIME STEP      1, STRESS PERIOD     24
 UBDSV06 SAVING              GHB IN MODEL FREYBERG6        PACKAGE FREYBERG6       CONNECTED TO MODEL FREYBERG6        PACKAGE GHB              ON UNIT   1033 AT TIME STEP      1, STRESS PERIOD     24
 UBDSV06 SAVING             RCHA IN MODEL FREYBERG6        PACKAGE FREYBERG6       CONNECTED TO MODEL FREYBERG6        PACKAGE RCH              ON UNIT   1033 AT TIME STEP      1, STRESS PERIOD     24
 UBDSV06 SAVING              SFR IN MODEL FREYBERG6        PACKAGE FREYBERG6       CONNECTED TO MODEL FREYBERG6        PACKAGE SFR_1            ON UNIT   1033 AT TIME STEP      1, STRESS PERIOD     24

 WEL PACKAGE (WEL) FLOW RATES   PERIOD     24   STEP        1
 -----------------------------------------------
   NUMBER   CELLID                    RATE      
 -----------------------------------------------
     1      (1,10,17)            -307.30352     
     2      (1,12,14)            -284.56715     
     3      (1,21,15)            -291.92615     
     4      (1,27,11)            -299.31324     
     5      (1,30,7)             -336.13662     
     6      (1,35,13)            -289.45353     
     7      (1,25,5)             -534.24374     
 -----------------------------------------------




 GHB PACKAGE (GHB) FLOW RATES   PERIOD     24   STEP        1
 -----------------------------------------------
   NUMBER   CELLID                    RATE      
 -----------------------------------------------
     1      (1,40,6)             -2.3490190     
     2      (1,40,7)             -7.7359679     
     3      (1,40,8)             -9.7908344     
     4      (1,40,9)             -1.8472475     
     5      (1,40,10)            -0.31584519    
     6      (1,40,11)            -1.9632485     
     7      (1,40,12)            -3.5544824     
     8      (1,40,13)            -9.2457702     
     9      (1,40,14)            -3.5763327     
     10     (1,40,15)            -2.4318605     
 -----------------------------------------------




 HEAD WILL BE SAVED ON UNIT 1034 AT END OF TIME STEP    1, STRESS PERIOD   24


  SFR_1 BUDGET FOR ENTIRE MODEL AT END OF TIME STEP    1, STRESS PERIOD  24
  ------------------------------------------------------------------------------

     CUMULATIVE SFR_1      L**3       RATES FOR THIS TIME STEP      L**3/T
     ------------------                 ------------------------

           IN:                                      IN:
           ---                                      ---
                 GWF =     9070051.7531                   GWF =         228.5393
            RAINFALL =           0.0000              RAINFALL =           0.0000
         EVAPORATION =           0.0000           EVAPORATION =           0.0000
              RUNOFF =           0.0000                RUNOFF =           0.0000
          EXT-INFLOW =     2111503.5001            EXT-INFLOW =         485.1243
         EXT-OUTFLOW =           0.0000           EXT-OUTFLOW =           0.0000
             STORAGE =           0.0000               STORAGE =           0.0000

            TOTAL IN =    11181555.2532              TOTAL IN =         713.6636

          OUT:                                     OUT:
          ----                                     ----
                 GWF =        9896.1372                   GWF =         194.7312
            RAINFALL =           0.0000              RAINFALL =           0.0000
         EVAPORATION =           0.0000           EVAPORATION =           0.0000
              RUNOFF =           0.0000                RUNOFF =           0.0000
          EXT-INFLOW =           0.0000            EXT-INFLOW =           0.0000
         EXT-OUTFLOW =    11171659.1160           EXT-OUTFLOW =         518.9324
             STORAGE =           0.0000               STORAGE =           0.0000

           TOTAL OUT =    11181555.2532             TOTAL OUT =         713.6636

            IN - OUT =      -7.4506E-09              IN - OUT =      -2.2737E-13

 PERCENT DISCREPANCY =          -0.00     PERCENT DISCREPANCY =          -0.00



  VOLUME BUDGET FOR ENTIRE MODEL AT END OF TIME STEP    1, STRESS PERIOD  24
  ---------------------------------------------------------------------------------------------------

     CUMULATIVE VOLUME      L**3       RATES FOR THIS TIME STEP      L**3/T          PACKAGE NAME    
     ------------------                 ------------------------                     ----------------

           IN:                                      IN:
           ---                                      ---
              STO-SS =        3493.5457                STO-SS =           3.8404     STORAGE                          
              STO-SY =     1241447.1795                STO-SY =        1438.2005     STORAGE                          
                 WEL =           0.0000                   WEL =           0.0000     WEL                              
                 GHB =           0.0000                   GHB =           0.0000     GHB                              
                RCHA =    14205817.6274                  RCHA =         963.5617     RCH                              
                 SFR =       10634.3191                   SFR =         205.0244     SFR_1                            

            TOTAL IN =    15461392.6718              TOTAL IN =        2610.6270

          OUT:                                     OUT:
          ----                                     ----
              STO-SS =        1246.3045                STO-SS =           0.0000     STORAGE                          
              STO-SY =      447107.4907                STO-SY =           0.0000     STORAGE                          
                 WEL =     4890715.6102                   WEL =        2342.9440     WEL                              
                 GHB =     1261808.8845                   GHB =          42.8106     GHB                              
                RCHA =           0.0000                  RCHA =           0.0000     RCH                              
                 SFR =     8887696.6789                   SFR =         227.1811     SFR_1                            

           TOTAL OUT =    15488574.9689             TOTAL OUT =        2612.9357

            IN - OUT =      -27182.2971              IN - OUT =          -2.3087

 PERCENT DISCREPANCY =          -0.18     PERCENT DISCREPANCY =          -0.09




         TIME SUMMARY AT END OF TIME STEP    1 IN STRESS PERIOD   24
                    SECONDS     MINUTES      HOURS       DAYS        YEARS
                    -----------------------------------------------------------
   TIME STEP LENGTH 2.59200E+06  43200.      720.00      30.000     8.21355E-02
 STRESS PERIOD TIME 2.59200E+06  43200.      720.00      30.000     8.21355E-02
         TOTAL TIME 3.76056E+08 6.26760E+06 1.04460E+05  4352.5      11.916    


end timestep


start timestep kper="25" kstp="1" mode="normal"


 OUTPUT CONTROL FOR STRESS PERIOD 25 IS REPEATED USING SETTINGS FROM A PREVIOUS STRESS PERIOD.


 STRESS PERIOD 25 IS TRANSIENT


 OPENED freyberg6.wel_stress_period_data_25.txt
 FILE TYPE:OPEN/CLOSE   UNIT 1086   STATUS:OLD                 
 FORMAT:FORMATTED              ACCESS:SEQUENTIAL          
 ACTION:READ                

 ---------------------------------------------------
  WEL NO.    LAYER    ROW     COL     STRESS RATE   
 ---------------------------------------------------
     1         1      10      17    -301.242485     
     2         1      12      14    -265.740860     
     3         1      21      15    -298.975177     
     4         1      27      11    -305.558829     
     5         1      30       7    -262.386066     
     6         1      35      13    -331.824019     
     7         1      25       5    -533.514819     
 ---------------------------------------------------



 REUSING GHBS FROM LAST STRESS PERIOD

 OPENED freyberg6.rch_recharge_25.txt
 FILE TYPE:OPEN/CLOSE   UNIT 1087   STATUS:OLD                 
 FORMAT:FORMATTED              ACCESS:SEQUENTIAL          
 ACTION:READ                


 REUSING SFRS FROM LAST STRESS PERIOD
 UBDSV1 SAVING     FLOW-JA-FACE ON UNIT   1033 AT TIME STEP      1, STRESS PERIOD     25
 UBDSV06 SAVING              WEL IN MODEL FREYBERG6        PACKAGE FREYBERG6       CONNECTED TO MODEL FREYBERG6        PACKAGE WEL              ON UNIT   1033 AT TIME STEP      1, STRESS PERIOD     25
 UBDSV06 SAVING              GHB IN MODEL FREYBERG6        PACKAGE FREYBERG6       CONNECTED TO MODEL FREYBERG6        PACKAGE GHB              ON UNIT   1033 AT TIME STEP      1, STRESS PERIOD     25
 UBDSV06 SAVING             RCHA IN MODEL FREYBERG6        PACKAGE FREYBERG6       CONNECTED TO MODEL FREYBERG6        PACKAGE RCH              ON UNIT   1033 AT TIME STEP      1, STRESS PERIOD     25
 UBDSV06 SAVING              SFR IN MODEL FREYBERG6        PACKAGE FREYBERG6       CONNECTED TO MODEL FREYBERG6        PACKAGE SFR_1            ON UNIT   1033 AT TIME STEP      1, STRESS PERIOD     25

 WEL PACKAGE (WEL) FLOW RATES   PERIOD     25   STEP        1
 -----------------------------------------------
   NUMBER   CELLID                    RATE      
 -----------------------------------------------
     1      (1,10,17)            -301.24248     
     2      (1,12,14)            -265.74086     
     3      (1,21,15)            -298.97518     
     4      (1,27,11)            -305.55883     
     5      (1,30,7)             -262.38607     
     6      (1,35,13)            -331.82402     
     7      (1,25,5)             -533.51482     
 -----------------------------------------------




 GHB PACKAGE (GHB) FLOW RATES   PERIOD     25   STEP        1
 -----------------------------------------------
   NUMBER   CELLID                    RATE      
 -----------------------------------------------
     1      (1,40,6)             -3.7798036     
     2      (1,40,7)             -9.0404275     
     3      (1,40,8)             -11.331022     
     4      (1,40,9)             -3.4391861     
     5      (1,40,10)            -2.0669925     
     6      (1,40,11)            -3.5585761     
     7      (1,40,12)            -5.0449293     
     8      (1,40,13)            -10.742819     
     9      (1,40,14)            -5.2497109     
     10     (1,40,15)            -4.0539920     
 -----------------------------------------------




 HEAD WILL BE SAVED ON UNIT 1034 AT END OF TIME STEP    1, STRESS PERIOD   25


  SFR_1 BUDGET FOR ENTIRE MODEL AT END OF TIME STEP    1, STRESS PERIOD  25
  ------------------------------------------------------------------------------

     CUMULATIVE SFR_1      L**3       RATES FOR THIS TIME STEP      L**3/T
     ------------------                 ------------------------

           IN:                                      IN:
           ---                                      ---
                 GWF =     9079417.6800                   GWF =         302.1267
            RAINFALL =           0.0000              RAINFALL =           0.0000
         EVAPORATION =           0.0000           EVAPORATION =           0.0000
              RUNOFF =           0.0000                RUNOFF =           0.0000
          EXT-INFLOW =     2126542.3533            EXT-INFLOW =         485.1243
         EXT-OUTFLOW =           0.0000           EXT-OUTFLOW =           0.0000
             STORAGE =           0.0000               STORAGE =           0.0000

            TOTAL IN =    11205960.0333              TOTAL IN =         787.2510

          OUT:                                     OUT:
          ----                                     ----
                 GWF =       13295.6238                   GWF =         109.6609
            RAINFALL =           0.0000              RAINFALL =           0.0000
         EVAPORATION =           0.0000           EVAPORATION =           0.0000
              RUNOFF =           0.0000                RUNOFF =           0.0000
          EXT-INFLOW =           0.0000            EXT-INFLOW =           0.0000
         EXT-OUTFLOW =    11192664.4095           EXT-OUTFLOW =         677.5901
             STORAGE =           0.0000               STORAGE =           0.0000

           TOTAL OUT =    11205960.0333             TOTAL OUT =         787.2510

            IN - OUT =      -9.3132E-09              IN - OUT =       1.1369E-13

 PERCENT DISCREPANCY =          -0.00     PERCENT DISCREPANCY =           0.00



  VOLUME BUDGET FOR ENTIRE MODEL AT END OF TIME STEP    1, STRESS PERIOD  25
  ---------------------------------------------------------------------------------------------------

     CUMULATIVE VOLUME      L**3       RATES FOR THIS TIME STEP      L**3/T          PACKAGE NAME    
     ------------------                 ------------------------                     ----------------

           IN:                                      IN:
           ---                                      ---
              STO-SS =        3501.4497                STO-SS =           0.2550     STORAGE                          
              STO-SY =     1244689.9543                STO-SY =         104.6056     STORAGE                          
                 WEL =           0.0000                   WEL =           0.0000     WEL                              
                 GHB =           0.0000                   GHB =           0.0000     GHB                              
                RCHA =    14295343.8728                  RCHA =        2887.9434     RCH                              
                 SFR =       13735.2698                   SFR =         100.0307     SFR_1                            

            TOTAL IN =    15557270.5467              TOTAL IN =        3092.8347

          OUT:                                     OUT:
          ----                                     ----
              STO-SS =        1283.6164                STO-SS =           1.2036     STORAGE                          
              STO-SY =      460279.4262                STO-SY =         424.9011     STORAGE                          
                 WEL =     4961992.1202                   WEL =        2299.2423     WEL                              
                 GHB =     1263616.4157                   GHB =          58.3075     GHB                              
                RCHA =           0.0000                  RCHA =           0.0000     RCH                              
                 SFR =     8897189.7559                   SFR =         306.2283     SFR_1                            

           TOTAL OUT =    15584361.3344             TOTAL OUT =        3089.8828

            IN - OUT =      -27090.7877              IN - OUT =           2.9519

 PERCENT DISCREPANCY =          -0.17     PERCENT DISCREPANCY =           0.10




         TIME SUMMARY AT END OF TIME STEP    1 IN STRESS PERIOD   25
                    SECONDS     MINUTES      HOURS       DAYS        YEARS
                    -----------------------------------------------------------
   TIME STEP LENGTH 2.67840E+06  44640.      744.00      31.000     8.48734E-02
 STRESS PERIOD TIME 2.67840E+06  44640.      744.00      31.000     8.48734E-02
         TOTAL TIME 3.78734E+08 6.31224E+06 1.05204E+05  4383.5      12.001    


end timestep

